smiles,X10,X20,X40,X60,X80,X100
CCCCc1ccc(NC(=O)C(=O)NCCN2CCN(Cc3ccc([N+](=O)[O-])cc3)CC2)cc1,0.948216438293457,0.9869935750961304,0.9989125490188598,0.999490761756897,0.9998677611351013,0.9998515844345093
O=C1CC(NS(=O)(=O)c2ccc([N+](=O)[O-])cc2)CN1c1ccc(Cl)cc1,0.15936753294663503,0.19677294206921941,0.267848177975975,0.29772036080539693,0.42093524257070386,0.4309799967857543
CN1CCN(c2ccc(-c3cccc(NC(=O)COc4ccc(Cl)cc4)c3)nn2)CC1,0.648659634590149,0.8292138814926148,0.9790614128112793,0.993677282333374,0.9964042663574219,0.9970689177513122
CCOP(=O)(c1ccccc1)c1nc(-c2ccc(F)cc2)oc1N1CCCCC1,0.4829176336526871,0.6321215063333512,0.8256054043769836,0.8646124482154847,0.9132545709609985,0.92774418592453
CCN1CCN(C(=O)c2ccccc2N(Cc2ccccc2)S(=O)(=O)c2ccc(OC)cc2)CC1,0.6978025913238526,0.8677604675292969,0.9848133802413941,0.9937516927719117,0.9983410000801086,0.9987563014030456
Cc1cc(C)c(C(OCCCNC(C)C)c2ccccc2)c(C)c1.Cl,0.7801663756370545,0.8799213528633117,0.9602328300476074,0.9768522500991821,0.9873379111289978,0.9904664754867554
CCOC(=O)N1CCN(C(=O)c2ccc3nc(-c4ccccc4)c(-c4ccccc4)nc3c2)CC1,0.7225148439407348,0.8766244292259217,0.9913092136383057,0.9973671674728394,0.9986987948417664,0.9990826964378356
CC(C)c1ccc(/C=C(\NC(=O)c2ccccc2)C(=O)NCCN2CCOCC2)cc1,0.6052827447652817,0.7449073076248169,0.9574780941009522,0.9856142044067383,0.9951609134674072,0.9966928482055664
O=c1[nH]c2cc3c(cc2cc1CN(Cc1cccnc1)C(=S)NCc1ccco1)OCO3,0.22335029467940332,0.41216009482741356,0.6753035694360733,0.7845848321914672,0.8545948386192321,0.8942555785179138
CCc1ccc(-c2cc3c(=O)n(CC(=O)NCCN4CCCCC4C)nc(C)n3n2)cc1,0.48882324174046515,0.6092523157596588,0.7776936888694763,0.8324556171894073,0.8908129096031189,0.9088412046432495
Cc1ccc(S(=O)(=O)NCCCNc2ccc([N+](=O)[O-])cc2)cc1,0.5047983750700951,0.6468855738639832,0.8274557769298554,0.8864656090736389,0.9466120004653931,0.9533639669418335
Cc1ccc(-c2nc(CS(=O)CC(=O)N3CCN(c4ncccn4)CC3)c(C)o2)cc1,0.02220271829282865,0.04189260088605806,0.34846356022171676,0.6009634081274271,0.7050430819392204,0.7579595401883126
COc1ccc(OC)c(CN2CCC(C(=O)N3CCN(c4ccccc4F)CC3)CC2)c1.O=C(O)C(=O)O,0.002567904029274359,0.004264405791764148,0.01699300410691649,0.03173306052340195,0.07468436495400965,0.0997059025336057
CC(C)CC(COCc1ccc([N+](=O)[O-])cc1)N1CCN(C(=O)c2ccc(C(F)(F)F)cc2)CCC1=O,0.8325241088867188,0.9201780438423157,0.9834619760513306,0.9942303657531738,0.9973635196685791,0.9981398820877075
Cc1ccc(S(=O)(=O)CC(=O)N2CCN(c3cccc(C(F)(F)F)c3)CC2)cc1,0.3944987505674362,0.473484405875206,0.7590310096740722,0.9109111666679383,0.9546031355857849,0.9682878732681275
O=C1NC(=O)C(=Cc2ccc(N3CCN(C(=O)c4ccccc4)CC3)c([N+](=O)[O-])c2)C(=O)N1,0.3175156109035015,0.4508348271250725,0.6236073702573777,0.6574903830885888,0.7049562975764274,0.7218682587146759
O=C(NCCCn1ccnc1)/C(=C/c1ccc(Cl)cc1)NC(=O)c1ccccc1,0.8003032565116882,0.8832041025161743,0.9812891125679016,0.9892443656921387,0.9917579650878906,0.9936707496643067
COc1ccccc1N1CCN(Cc2ccc(SC)cc2)CC1.O=C(O)C(=O)O,0.0012358427138678962,0.0022941977496884645,0.008089324709908396,0.01381527359772008,0.03267229612611118,0.044172060160053664
CC1CCN(C(=O)C2CCN(CCCc3ccccc3)CC2)CC1.O=C(O)C(=O)O,0.000374034141032098,0.0003462394902385313,0.0005065537275186216,0.00041585467914444506,0.0008916595350058288,0.0009378647883920621
O=c1c2ccccc2ncn1-c1ccc(Br)cc1[N+](=O)[O-],0.07545648759696633,0.12169599377084524,0.23451238733250648,0.2987114435993135,0.3372086111921817,0.3754382897168398
CCOc1ccccc1N1CCN(C(=O)CNC(=O)c2ccccc2F)CC1,0.03485690522938967,0.050460217706859115,0.2055973879992962,0.3400582283735275,0.49726231694221495,0.5972920328378677
CN(C)CCCOc1ccc2c(c1)Sc1ccccc1CC2=O.Cl,0.5659497678279877,0.7195808589458466,0.8438795864582062,0.8697878360748291,0.9460834622383117,0.9600018262863159
C=CCn1c(=O)c2ccccc2n2c(SCC(=O)Nc3sc(C(=O)N(CC)CC)c(C)c3C(=O)OCC)nnc12,0.004424734134227037,0.004198098156484776,0.004242303952923976,0.005801378871547058,0.005127704265760258,0.007878629048354924
COc1cccc(CNC(=O)CCC2CCCN(c3cc(C)nc(N4CCCC4)n3)C2)c1,0.9075226783752441,0.9800363421440125,0.9987854838371277,0.999680757522583,0.9998647809028626,0.9998804330825806
CCn1c(SC)nnc1-c1sc2cc(Cl)ccc2c1Cl,0.7224133968353271,0.8821347713470459,0.9561219096183777,0.9797992825508117,0.9729973435401916,0.978534460067749
CN1CCN(c2ccc(NC(=O)c3cc4ccccc4o3)cc2)CC1,0.3816846445202827,0.5700832009315491,0.911823832988739,0.9697407722473145,0.9919597506523132,0.9937684893608093
CCOC(=O)N1CCN(CC(=O)Nc2ccc(C)cc2)CC1,0.4139867529273033,0.6584104597568512,0.9541672706604004,0.9883438229560852,0.996469259262085,0.9976152300834655
CCCCCCn1c(CN2CCN(Cc3ccccc3)CC2)nc2c1c(=O)n(C)c(=O)n2C,0.9656806707382202,0.9926811337471009,0.9992823362350464,0.9996271371841431,0.9999199509620667,0.9999152898788453
COc1ccc(C)cc1-n1nnnc1SCc1cc(=O)n2cc(C)ccc2n1,0.011581445881165563,0.015066525712609292,0.04209810583852232,0.08456411096267402,0.11119858548045158,0.1538062559440732
CCc1ccccc1NC(=O)c1ccc(CN2CCC(Cc3ccccc3)CC2)cc1,0.8829633116722106,0.9592890024185181,0.9941236138343811,0.9982392907142639,0.9991590738296509,0.9989246129989624
C=CCn1c(=O)n(C(=O)OCC)c2cc(Br)ccc21,0.9451072335243225,0.9865139722824097,0.9976954936981202,0.9985363245010376,0.9989787220954895,0.9991552591323852
O=S(=O)(c1ccc(Cl)cc1)N1CCN(C2CCN(Cc3ccccc3)CC2)CC1,0.9660477876663208,0.9954645991325378,0.99983229637146,0.999963927268982,0.9999953746795655,0.9999964952468872
Cc1ccc(S(=O)(=O)CC(=O)N2CCN(c3ccc(F)cc3)CC2)cc1,0.13290590159595012,0.2137651365250349,0.4604744464159012,0.5439693480730057,0.7332280874252319,0.7965160608291626
CCCN(CC(=O)Nc1ccccc1C)C(=O)CC(NC(=O)c1ccccc1)c1ccccc1,0.13613178096711637,0.19708807431161404,0.4799895122647285,0.5938727617263794,0.68983254134655,0.7429885804653168
COc1ccc(N2CCN(C(=O)CCc3nnc4ccc(N5CCC(C)CC5)nn34)CC2)cc1,0.27830269038677213,0.44595141112804415,0.8009329199790954,0.9011013269424438,0.9605700254440308,0.9696786761283874
O=C(NCC(=O)N1CCN(c2ccc(C(F)(F)F)cn2)CC1)c1ccc(Br)o1,0.013671633275225758,0.013035839796066285,0.08867628388106823,0.3040082812309265,0.4022370785474777,0.5342519402503967
COc1ccc(S(=O)(=O)N2CCCCC2)cc1NC(=O)CSc1ncnc2ccccc12,0.0012574101187055931,0.0010539287417486777,0.005077001114841551,0.01149222063831985,0.02988795661367476,0.04972480237483978
COc1ccccc1NC(=O)CSc1nc2nccnc2c(=O)n1Cc1cccs1,0.0008418749028351157,0.0007753136800602078,0.0020704037335235624,0.00505682072835043,0.0074239171226508915,0.013015563308726996
O=C(NCc1ccncc1)/C(=C/c1cccc([N+](=O)[O-])c1)NC(=O)c1ccccc1,0.5367099136114121,0.64670430123806,0.8457303047180176,0.8937961339950562,0.9240310907363891,0.9310630440711976
COc1ccc(-n2nc(C(=O)NCC(=O)NCc3ccccc3OC)c3ccccc3c2=O)cc1,0.14371669068932533,0.2617989853024483,0.5737987428903579,0.6788727164268493,0.7716102540493012,0.8254177570343018
CCN(CC)CCN1CCn2c3c(c4cc(C)ccc42)CCCC31.Cl,0.9426810145378113,0.9881892085075379,0.9982964634895325,0.9994603157043457,0.9998517990112304,0.9998536467552185
CCn1ccnc1CN(C)C(=O)C1CCC(=O)N(CCc2cccc(F)c2)C1,0.12665129341185094,0.20509157478809356,0.43742455542087555,0.5624077618122101,0.7076722204685211,0.7727036833763122
Cl.Fc1ccc(COc2ccc(Br)cc2CNCC2CCCO2)cc1,0.988768470287323,0.997327470779419,0.9995012402534484,0.9998599052429199,0.9998918056488038,0.9998818635940552
Cc1cc(N2CCCC2)nc2ccc(NC(=S)NC(C)C)cc12,0.8968950152397156,0.9717530965805053,0.9984632968902588,0.9997173905372619,0.9998082041740417,0.9998364210128784
CC(C)(C)n1cnc2cc(NC(=O)c3ccc(Cl)cc3)ccc21,0.5158741563558579,0.6229022353887558,0.8485215544700623,0.9088306546211242,0.9512271523475647,0.9625094652175903
COc1ccc(-n2c(CN3CCN(c4ccccn4)CC3)nc3ccc([N+](=O)[O-])cc3c2=O)c(OC)c1,0.4446491807699203,0.7455482363700867,0.9736806631088257,0.9932539582252502,0.9980406403541565,0.998457384109497
CCCCCCn1c(CN2CCN(C(=O)c3ccco3)CC2)nc2c1c(=O)n(C)c(=O)n2C,0.5536109507083893,0.7133376836776734,0.8895906209945679,0.9231770753860473,0.971789276599884,0.9739228844642639
COc1ccc(-n2ncc3c2CC(C)(C)CC3NC(=O)c2c(C)cc(=O)oc2C)cc1,0.26342430263757705,0.4827363282442093,0.8784731864929199,0.9508323073387146,0.9815146565437317,0.987666928768158
COc1ccc(N2CCN(CCCNC(=O)c3cc4sccc4n3C)CC2)cc1,0.9923489928245545,0.9993432283401489,0.9999748945236206,0.9999965190887451,0.9999989032745361,0.9999988555908204
CCOc1cc(-c2sc(Nc3cc(C)ccc3OC)n[n+]2-c2ccccc2)ccc1OC.[Cl-],0.21669862568378448,0.3443348616361618,0.5957115590572357,0.7553542733192444,0.781767851114273,0.7967439472675324
CCN(CC)S(=O)(=O)c1ccc(Oc2ccccc2OC)cc1,0.8525160312652588,0.935914421081543,0.9899744510650634,0.9934786558151245,0.9978365182876587,0.9976933240890503
Cc1cccc(N2CCN(c3cc(C)nc4nnnn34)CC2C)c1,0.2662453282624483,0.37647088766098025,0.6186986029148102,0.7815404802560806,0.8201925754547119,0.8572998106479645
CC1CCN(CC(CS(=O)(=O)c2ccc([N+](=O)[O-])cc2)N2CCC(C)CC2)CC1,0.7524989247322083,0.8282320678234101,0.9289317727088928,0.939429771900177,0.9895099878311158,0.9868723392486572
CCOC(=O)c1ccc(N2CCN(C(=O)c3ccccc3)CC2)c(NC(=O)c2ccco2)c1,0.017430632095783948,0.020811152271926404,0.058112630248069765,0.09552215486764908,0.21131559312343598,0.2847201079130173
CC(=O)c1ccccc1OCc1ccc(C(=O)c2ccccc2)cc1,0.6161334693431855,0.7293060660362244,0.8614142417907715,0.890382194519043,0.9321809053421021,0.9356072664260864
O=C(Cn1c(=O)cnc2ccccc21)Nc1cccc(S(=O)(=O)N2CCCCC2)c1,0.021848720498383045,0.023500453401356935,0.06604126133024693,0.10667618419975042,0.24751016348600388,0.2981427777558565
Cc1c(C(=O)NNC(=O)c2ccncc2)oc2ccc(Br)cc12,0.40116688832640646,0.48903790265321734,0.7661667943000794,0.8298997640609741,0.8911409258842469,0.9193179249763489
O=C(N/N=C\c1ccc([N+](=O)[O-])o1)C1COc2ccccc2O1,0.10249870056286454,0.18985118791460992,0.3376645492389798,0.42910003997385504,0.5091925853863358,0.5201682575047016
Cc1ccc(CSC2=Nc3ccccc3C3=NC(CCC(=O)NCc4ccco4)C(=O)N23)cc1,0.5167176932096481,0.7457218885421752,0.965356421470642,0.9859001994132995,0.9912671327590943,0.9935033202171326
COc1ccccc1COCC(O)CNCCc1ccc(C(F)(F)F)cc1.O=C(O)C(=O)O,0.014893256426148582,0.03224437461940397,0.05980175087861426,0.1020930412276357,0.10178128569568798,0.11944169653397693
COc1ccc(C2SCCN2C(=O)c2ccc([N+](=O)[O-])cc2)cc1,0.3571318671107292,0.5943810284137726,0.9145669937133789,0.9675348401069641,0.9879690170288086,0.990761935710907
CCCCCCc1cc2cc(C(N)=O)c(=N)oc2cc1O,0.12767013665288687,0.21487142704427242,0.24777571447193622,0.2606102034449577,0.265471257455647,0.2626313306391239
Br.CCOC(=O)c1c(CSC(=N)N)n(-c2ccc(C)cc2)c2cc(Br)c(OC(C)=O)cc12,0.09727172330021858,0.1888008803129196,0.3443699613213539,0.43887591660022734,0.46106612384319307,0.5271234333515167
CCCc1cc(=O)oc2cc(OCC(=O)NC3CCN(Cc4ccccc4)CC3)ccc12,0.33582750856876376,0.5227870255708694,0.8246137380599976,0.9087241411209106,0.9578664302825928,0.970418906211853
O=C(CN1CCN(Cc2ccccc2)CC1)Nc1ccc(Br)cc1,0.9568586468696594,0.9936352610588074,0.99981769323349,0.9999786138534545,0.9999940633773804,0.9999945640563965
COc1ccccc1C(CNC(=O)c1cccc(NS(=O)(=O)c2ccc(Br)cc2)c1)N(C)C,0.14787084944546222,0.2141207281500101,0.5433110862970352,0.6440044432878494,0.7887646496295929,0.8344099223613739
COc1ccc(N2CCN(Cc3nc4c(c(=O)n(C)c(=O)n4C)n3Cc3cccc(C)c3)CC2)cc1,0.9927720189094543,0.9993465065956115,0.9999766826629639,0.9999948024749756,0.999997878074646,0.999998140335083
COc1ccc(CC(C)NCCC(c2ccccc2)c2ccccc2)cc1,0.9697935104370117,0.9902549147605896,0.9972781062126159,0.9987434983253479,0.9989857077598572,0.9988314628601074
CCN(CC)CCNC(=O)c1cn(CC)c2ccc(S(=O)(=O)N3CCc4ccccc4C3)cc2c1=O,0.32219752073287966,0.4308688759803772,0.6693932712078094,0.7020419120788575,0.8362436175346375,0.8596815586090087
OC(COc1cccc2ccccc12)CN1CCN(c2ccccc2Cl)CC1,0.9948266386985779,0.9994580745697021,0.9999599933624268,0.9999923944473267,0.9999964714050293,0.9999961376190185
COc1ccc(C(CNC(=O)c2ccc(C)c(S(=O)(=O)Nc3ccccc3OC)c2)N2CCCC2)cc1,0.30561950504779817,0.5304529622197152,0.8604040622711182,0.9290557265281677,0.9786648392677307,0.983276641368866
CCCCN(CC)Cc1ccc(CNC(=S)Nc2c(C)cc(C)cc2C)o1,0.7300057604908943,0.7853461980819703,0.8665485918521881,0.9171061158180237,0.9528700590133667,0.9701789140701294
COCc1cc(CN2CCCC(C(=O)c3cccc(C(F)(F)F)c3)C2)ccc1OC,0.9347768187522888,0.9770843148231506,0.9971322417259216,0.9993692398071289,0.9995802879333496,0.9995742678642273
Fc1cccc(CSc2ccc3nnc(-c4cccnc4)n3n2)c1,0.03949856609106064,0.06741001680493355,0.16793237924575805,0.31741849780082704,0.36150636076927184,0.42127805650234224
CC(C)Cc1nnc(NC(=O)CCC(=O)N2CC(C)CC(C)C2)s1,2.0149531252400266e-06,4.5921829965323014e-07,3.0888429023434585e-07,7.297822179452851e-07,1.56941204387806e-06,3.6775772450425847e-06
CN1CCN(Cc2nc3ccccc3c(=O)n2Cc2nc(-c3ccccc3F)cs2)CC1,0.5791853427886963,0.8425686478614807,0.9868512988090515,0.9972870945930481,0.9992670536041259,0.9994664192199707
COc1cccc(NC(=O)CN2CCN(CC(=O)Nc3ccc(F)cc3)CC2)c1,0.6074760675430297,0.8398237943649292,0.9915560364723206,0.9984973430633545,0.9996361136436462,0.9997231960296631
O=S(=O)(NCCc1cn2ccccc2n1)c1ccc(-c2ccccc2)cc1,0.405806827545166,0.5931719958782196,0.8908729910850525,0.9522998690605163,0.9734200596809387,0.9805749297142029
O=C(NCCc1nc2ccccc2[nH]1)/C(=C/c1ccc(F)cc1)NC(=O)c1ccco1,0.6867153882980347,0.8141162693500519,0.9705243468284607,0.9860002994537354,0.9894663095474243,0.9924971222877502
CCN(CC)CCNc1ncnc2c1sc1nc(N3CCCC3)c3c(c12)CC(C)(C)OC3,0.9317533612251282,0.9840416312217712,0.9981009602546692,0.9994717240333557,0.9997922062873841,0.9998114228248596
COc1ccc(C(=O)Nc2ccc3nc(N4CCCCC4)cc(C)c3c2)cc1OC,0.5819558203220367,0.7780438423156738,0.9591412305831909,0.9840669631958008,0.9922977685928345,0.9933086037635803
O=C(c1cc(-c2ccncc2)nc2ccccc12)N1CCN(c2ccccc2O)CC1,0.5205156564712524,0.8052614808082581,0.9839298009872437,0.9956676125526428,0.9979640722274781,0.9984837293624877
COc1ccc(-c2nc3ccccn3c2NCc2ccc3c(c2)OCO3)cc1,0.7244303226470947,0.9038070678710938,0.9774729490280152,0.992454719543457,0.9937542676925659,0.9932059407234192
CCN1CCN(c2ccc([N+](=O)[O-])cc2C(=O)c2ccc(Cl)cc2)CC1,0.9795907855033874,0.9940803050994873,0.9990960836410523,0.999533498287201,0.9998356103897095,0.9998363018035888
COC(=O)c1ccc(C(=O)OC)c(NC(=S)N2CCN(c3ccccc3F)CC2)c1,0.22057736068964004,0.35551967173814775,0.6294969975948334,0.7506706058979035,0.8431696414947509,0.8825127840042114
CCN1CCN(c2c(Cl)cccc2NC(=O)c2ccc(Br)o2)CC1,0.5792031973600388,0.7091505348682403,0.8776944279670715,0.9363640069961547,0.9766137480735779,0.9808129906654358
COc1ccc(OC)c(-c2cc(C(=O)N/N=C(\C)c3cccnc3)c3ccccc3n2)c1,0.22724949792027474,0.43236454725265505,0.8188419818878174,0.9322636127471924,0.9563845038414002,0.964663302898407
Fc1ccc(-[n+]2nc(Nc3ccccc3)sc2-c2c(Cl)cccc2Cl)cc1.[Cl-],0.2590072713792324,0.3632901981472969,0.6157809138298035,0.7796517431735992,0.77491215467453,0.7808636009693146
Cc1oc(-c2cccc(Cl)c2)nc1CN1CCC(C(=O)N2CCN(c3ccccc3F)CC2)CC1,0.9531359553337098,0.9930689096450805,0.9996930956840515,0.9999492406845093,0.9999829769134522,0.9999868392944335
Cc1cccc(-c2nc(CN3CCCC(C(=O)NC4CCC(C)CC4)C3)c(C)o2)c1,0.43759851455688475,0.7139593303203583,0.9696741342544556,0.9936612129211426,0.9980314254760743,0.998758339881897
CCCCCCn1c(N(CC)CC)nc2c1c(=O)[nH]c(=O)n2C,0.44882055521011355,0.49535316228866577,0.5038270518183708,0.5247167944908142,0.5209084801375866,0.5468212828040123
COc1ccc(-[n+]2c(-c3ccccc3)cc(-c3ccc(C)cc3)cc2-c2ccccc2)cc1.[O-][Cl+3]([O-])([O-])[O-],0.24700659979134798,0.3707062903791666,0.5786634087562561,0.6438503824174404,0.6887054860591888,0.6999623194336891
O=C(O)c1ccccc1C(=O)Nc1ccc(Br)c(C(F)(F)F)c1,0.0011477794003440067,0.0014163402120175306,0.0018866505874029827,0.002928911334311124,0.004248649490182288,0.005549273529322818
COc1ccccc1C(=O)Nc1ccnn1C1CCN(Cc2csc(C(C)=O)c2)CC1,0.5789341777563095,0.786399883031845,0.9633299231529235,0.9899640679359436,0.9963840246200562,0.997579824924469
COC(=O)C1=C(C(=O)OC)[C@@H]2N(C)c3ccc(OC)cc3[C@@]23C[C@@H](C(=O)OC)N(C(=O)COCc2ccccc2)C3=N1,0.04067271349485964,0.07917173909954726,0.14157671167049557,0.16625552182085812,0.20583297787234187,0.2348813558463007
CCCCNC(=O)N1CCN(c2ccnc3cc(Cl)ccc23)CC1,0.6512596547603607,0.8257665157318115,0.979908561706543,0.9925908327102662,0.9964944124221802,0.9975495338439941
COc1ccc(CCN(C)Cc2c(O)ccc3ccccc23)cc1OC,0.977476692199707,0.9948133587837219,0.9987510323524476,0.9994845747947693,0.9996641755104065,0.9996238231658936
COc1ccccc1CNCC(O)(c1ccc(F)cc1)c1ccc(F)cc1,0.6446004986763001,0.8171591401100159,0.9170561194419861,0.9373022437095642,0.9591916799545288,0.964146101474762
S=C(NCCc1ccccc1)N1CCN(C23CC4CC(CC(C4)C2)C3)CC1,0.9116569042205811,0.9896000623703003,0.9990241408348084,0.9997465372085571,0.9999841451644897,0.9999812602996826
CC(=O)c1ccc(NC(=O)CSc2nnc(-c3ccco3)o2)cc1,0.00020672338469012174,0.00015884534004726448,0.0002285998465595185,0.00045492880526580847,0.0008173219001037068,0.0012381526597891935
CCCCn1nc(C(=O)Nc2cc(C(F)(F)F)ccc2N2CCOCC2)ccc1=O,0.016119013843126594,0.012613855814561249,0.03344706385396421,0.08149907644838095,0.1154304358176887,0.1601172836497426
N=c1c(C(=O)NCc2ccccc2)cc2c(=O)n3ccccc3nc2n1Cc1ccco1,0.5314046382904053,0.7399832844734192,0.9367095708847046,0.9645445346832275,0.9762366652488709,0.9804869413375854
CCCn1ncc(CN2CCC(Cc3cccc(F)c3)(C(=O)OCC)CC2)c1C,0.8661649227142334,0.9668593049049378,0.9948987483978271,0.9983719825744629,0.9992531657218933,0.9993746161460877
CCCc1cc(=O)oc2c(C)c(OCC(=O)NC3CCN(Cc4ccccc4)CC3)ccc12,0.29516737163066864,0.4882112264633179,0.8423426151275635,0.9250818729400635,0.9663601160049439,0.9762513756752014
CCOc1ccc(OCC(O)CNC2CCN(Cc3ccccc3)CC2)cc1.O=C(O)C(=O)O,0.0012070712880813516,0.001381005239818478,0.0019334602162416558,0.0020728541603602935,0.003979584793705726,0.0047785814633243716
Cc1ccc(C)c(CN2CCC(n3nccc3NC(=O)CCCc3ccccc3)CC2)c1,0.5837306201457977,0.8155855059623718,0.9762544393539428,0.9937619566917419,0.9971416354179382,0.997540807723999
COc1ccc(CN(C)CC(O)COC(c2ccc(OC)cc2)c2ccc(OC)cc2)cc1,0.7975876212120057,0.9468106389045715,0.9927662253379822,0.9976249098777771,0.9987317800521851,0.9988052248954773
COc1ccc(C(CNC(=O)c2cc3c(s2)CCC(C)C3)N2CCCC2)cc1,0.5161887623369694,0.6889839559793473,0.8554482400417328,0.912791395187378,0.9697545528411865,0.9811420440673828
CC(C)Oc1cccc(C(=O)C2CCCN(Cc3cccn3-c3ccccn3)C2)c1,0.8278990507125854,0.9681521534919739,0.9981162190437317,0.9996220707893372,0.9998621702194214,0.9998810052871704
CCCSc1nnc(-c2cccc(S(=O)(=O)N(C)C)c2)n1-c1cc(OC)ccc1OC,0.16223640041425824,0.2445805317722261,0.46098567713052035,0.5402477339841425,0.6408258693292737,0.6854018714278937
CCN(CC)c1ccc(S(=O)(=O)N(CC)CC)cc1NC(=O)c1cccnc1,0.2336453478783369,0.2913499633781612,0.3695733409374952,0.38863967917859554,0.4469869688153267,0.4669297769665718
CCCCNc1ncnc2sc3c(c12)CCN(CCC)C3,0.8055002093315125,0.927855372428894,0.98633953332901,0.9952228188514709,0.997677230834961,0.9979303240776062
Cc1cc(N2CCN(c3ccccc3)CC2)nc(-n2nc(C)cc2C)n1,0.9152784228324891,0.9892049074172974,0.9996090054512023,0.9999596834182739,0.9999772310256958,0.9999815464019776
O=C(COC(=O)c1cc(S(=O)(=O)N2CCCC2)ccc1O)Nc1ccc(SC(F)F)cc1,0.6475064575672149,0.8301406741142273,0.9690787076950074,0.9885415315628052,0.9954654574394226,0.9956721544265748
COc1cccc2sc(=NC(=O)CS(=O)(=O)c3ccc(Cl)cc3)n(C)c12,0.03750012000091374,0.06151425442658365,0.13868723344057798,0.1568772342056036,0.2174672804772854,0.2470095932483673
CCCCc1ccc(S(=O)(=O)N2CCN(C(=O)c3ccco3)CC2)cc1,0.738730251789093,0.8830454468727111,0.9827946662902832,0.9888343691825867,0.9973392128944397,0.9980410933494568
COc1ccc(OC)c(Nc2c3c(nc4ccccc24)CCC3)c1,0.7162441611289978,0.8748047828674317,0.9790709376335144,0.9933316946029663,0.9951637506484985,0.9952324867248535
COc1ccc(-c2[nH]ncc2/C=N/NC(=O)c2cccc([N+](=O)[O-])c2)cc1OC,0.03891387833282352,0.06646387949585915,0.24809187259525062,0.4088187448680401,0.5308358654379844,0.5623879708349705
O=Cc1cc([N+](=O)[O-])ccc1N1CCN(Cc2ccc3c(c2)OCO3)CC1,0.9576407670974731,0.9922128677368164,0.9992188811302185,0.9996999144554138,0.9999024629592895,0.9998955011367798
O=C(NCc1ccc(OC(F)(F)F)cc1)C1CC2Cn3c(nc4ccccc43)C2N1Cc1ccccc1,0.9614884853363037,0.9892461061477661,0.9992628812789917,0.9998871803283691,0.9999240159988403,0.9999329924583436
CCC(C)(C)n1nnnc1C(c1ccc2ncccc2c1)N1CCN(Cc2ccc3c(c2)OCO3)CC1,0.5692827820777893,0.7572892814874649,0.9160778045654296,0.9675763607025146,0.9905135869979859,0.9936926603317261
Cc1ccc(NC(=O)c2cc([N+](=O)[O-])ccc2N2CCOCC2)cc1S(=O)(=O)N(C)C,0.24374494655057788,0.3301134843379259,0.45691367676481603,0.5003048570826649,0.5738701652735472,0.5769055154174566
CCOC(=O)c1cnc2c(OC)cccc2c1Nc1ccc2c(c1)OCCO2,0.2611341305077076,0.40655224323272704,0.5872695863246917,0.6440529525279999,0.7207526445388794,0.7407851278781891
O=C(NCCCNc1ccnc2cc(Cl)ccc12)c1ccccc1F,0.641855525970459,0.7949798941612244,0.952809464931488,0.9788994312286377,0.9838658094406127,0.9879140973091125
CCCCCC(=O)N1CCN(S(=O)(=O)c2ccc3c(c2)OCCO3)CC1,0.017421993892639875,0.02589806248433888,0.04190854150801897,0.035404216358438136,0.0957867868244648,0.10888402909040451
O=C(CN1CCN(C(=O)c2ccccc2F)CC1)Nc1ccc(Br)cc1,0.6512281000614166,0.8245155334472656,0.9833446979522705,0.9948525667190552,0.998095715045929,0.9988061308860778
COc1ccc(Cl)cc1NC(=O)C1CCCN(c2cc(C)nc3ncnn23)C1,0.30409506261348723,0.40053644478321077,0.7051374256610871,0.8576614379882812,0.8969535589218139,0.9327380180358886
Cc1cccc(NC(=O)CN2CCN(C(=O)COc3cccc(Br)c3)CC2)c1C,0.21747756749391556,0.36600121185183526,0.732278335094452,0.8815876722335816,0.9485744833946228,0.9701882839202881
O=C(NCCc1nc2ccccc2[nH]1)/C(=C/c1ccc2c(c1)OCO2)NC(=O)c1ccc(Cl)cc1Cl,0.9017393469810486,0.9583932638168335,0.9917822122573853,0.9952550649642944,0.9961373448371887,0.9967581868171692
COc1ccc(C(CNC(=O)COc2ccc(Br)cc2F)N2CCCC2)cc1,0.541129806637764,0.7186376094818115,0.8892723202705384,0.9367657899856567,0.958422327041626,0.972715187072754
Cc1cc(C)nc(-n2nc(C)cc2NC(=O)CNC2CCCCC2)n1,0.09617749280296266,0.17740005892701446,0.4312199976295233,0.6605914980173111,0.7264745116233826,0.7816192150115967
CCOc1ccc(-c2cc(C)[n+](CCc3ccc(OC)c(OC)c3)c(-c3ccc(OCC)cc3)c2)cc1.[O-][Cl+3]([O-])([O-])[O-],0.18472650088369846,0.3107565280050039,0.45744849517941477,0.5194286003708839,0.5973577156662941,0.6370691135525703
COc1cccc(NC(=O)CN(C)C(=O)/C=C/c2cc(OC)ccc2OC)c1,0.46712305545806887,0.6969801902770996,0.9572722315788269,0.9852396011352539,0.9914467573165894,0.9941877961158753
COc1ccc(Cl)cc1NC(=O)CN(C)C(=O)CCCNC(=O)c1ccc(Cl)cc1,0.10604832991957665,0.13080011829733848,0.31984293162822724,0.40485929697752,0.5100256443023682,0.6215931832790375
CCN(CC)CCn1c2c(c(SCC(=O)Nc3cc(C)ccc3C)nc1=O)CCC2,0.11838364670984447,0.1582361439242959,0.2534267636016011,0.32167639806866644,0.3684925511479378,0.4143724456429482
CN1CCCC(OC(=O)C(c2ccccc2)c2ccccc2)C1,0.6812921404838562,0.8142764210700989,0.9544479608535766,0.980955183506012,0.9950376749038696,0.9966752171516419
Cc1ccc(SCCC(=O)NCc2ccncc2)cc1,0.21831400878727436,0.31923365518450736,0.5560049116611481,0.7105389416217804,0.756843376159668,0.819833242893219
Brc1ccc(CN2CCSCC2)cc1,0.9228428840637207,0.9899867296218872,0.9991918683052063,0.9999084591865539,0.999966812133789,0.999961543083191
COc1ccc(C(=O)N/C(=C\c2cn(S(=O)(=O)N(C)C)c3ccccc23)C(=O)N2CCN(C)CC2)cc1,0.26982617657631636,0.35846243472769856,0.47147759860381483,0.49673739075660706,0.5994256049394607,0.6224194265902042
CC1CCCC(N2CCN(C(=O)c3ccc([N+](=O)[O-])cc3)CC2)C1.O=C(O)C(=O)O,1.4619839390306311e-05,6.367127797535233e-06,3.278411347185095e-06,3.2969618072586915e-06,6.9116197795260345e-06,9.2749023301808e-06
O=C(CCN1CCN(c2ccccc2)CC1)c1ccc(Br)cc1,0.9970308661460876,0.9996586561203002,0.999967885017395,0.9999939680099488,0.9999979257583618,0.999997615814209
COc1ccc(CN(C)C(=O)c2cccc(C(=O)N(C)Cc3ccc(OC)cc3)c2)cc1,0.44040669649839403,0.6232876449823379,0.8901492714881897,0.9425891876220703,0.9729556322097779,0.980741274356842
Fc1ccc(-c2noc(C3CCN(Cc4cccnc4)CC3)n2)cc1,0.8115903496742248,0.9620874762535095,0.9978588223457336,0.999660336971283,0.999789047241211,0.9998289585113526
CCCN1CCC(=O)N([C@H](CSc2ccccc2)c2ccccc2)CC1,0.9431839346885681,0.986719834804535,0.998455822467804,0.9993948340415955,0.9997252464294434,0.9997659206390381
O=C(NCC1CCCO1)c1cccc(Oc2ccc([N+](=O)[O-])cc2Cl)c1,0.5064119905233383,0.6904259204864502,0.8684914708137512,0.907407569885254,0.9547253966331481,0.9576006770133972
CC(=O)N1CCN(CC(=O)Nc2ccc(C#N)c(Cl)c2)CC1,0.17216370925307273,0.2955382511019707,0.6358421206474304,0.8017357230186463,0.9111740350723266,0.9376020073890686
Cc1n[nH]c(C)c1S(=O)(=O)N1CCCC(C(=O)N2CCN(c3ccc(Cl)cc3)CC2)C1,0.4109128177165985,0.6415279388427735,0.917479956150055,0.9610133171081543,0.9887408971786499,0.9916122674942016
OCCC1CN(Cc2cnc(-c3ccccc3)s2)CCN1C1CCCCC1,0.13448746763169767,0.33199206218123434,0.7363123267889022,0.8709989547729492,0.9708379983901978,0.9777230978012085
COc1ccc(/C=N\NC(=O)CCN2CCN(c3ccccc3)CC2)cc1OC,0.8965489864349365,0.9760195255279541,0.9985731482505799,0.9997355937957764,0.999887490272522,0.9999112725257874
CCC(=O)c1ccc2c(c1)N(CCCN(C)C)c1ccccc1S2.Cl,0.8401259660720826,0.925254762172699,0.9750892281532287,0.9816847443580627,0.9924838304519653,0.9939236521720887
Cc1cc(C)c2c(CN3CCN(C/C=C/c4ccccc4)CC3)cc(=O)oc2c1,0.9037942051887512,0.9837857246398926,0.9991271018981933,0.9998938918113709,0.9999679327011108,0.9999724864959717
O=C(/C=C/c1ccc(Cl)cc1)N(Cc1cccs1)C1CCS(=O)(=O)C1,0.2499876454472542,0.39117293059825897,0.8562136292457581,0.9419404864311218,0.9764985918998719,0.9856078505516053
COc1ccc(N2CC(C(=O)Nc3nc4ccc(OC)cc4s3)CC2=O)cc1,0.03968344042077661,0.09156017545610666,0.34897842183709143,0.5417221367359162,0.7032092154026032,0.7807888567447663
Cc1oc(-c2cccs2)nc1CN1CCC(c2ccccc2)CC1,0.9480488657951355,0.9926365613937378,0.9995629191398621,0.9999352812767028,0.9999628067016602,0.9999582767486572
O=C1CCN(Cc2ccccc2)CCN1[C@H](COc1ccccc1)Cc1ccccc1,0.9225491285324097,0.9793177366256713,0.9974882960319519,0.9992884993553162,0.9996273398399353,0.9996580719947815
COc1ccc(Cl)cc1NC(=O)CN1CCN(Cc2ccccc2)CC1,0.783304750919342,0.9430504679679871,0.9974281907081604,0.9995652198791504,0.9998903274536133,0.9999091267585755
Cl.c1ccc(CN2CCN(c3nc(NCc4ccco4)c4ccccc4n3)CC2)cc1,0.9627575397491455,0.9953407526016236,0.9997812509536743,0.999959659576416,0.9999769687652588,0.999975061416626
O=c1nc2ccccc2c2n1CC(CN1CCN(C(c3ccccc3)c3ccccc3)CC1)N2,0.845397675037384,0.9720595359802247,0.9986732125282287,0.9996996283531189,0.9999207973480224,0.9999304056167603
COC(=O)CCNCCSc1nnc(-c2ccco2)n1Cc1ccccc1.O=C(O)C(=O)O,0.00101983507706791,0.0009728087658800177,0.0006686599215811384,0.001019090373210929,0.00094501095860835,0.0013407214633446075
CC1(C)CC(=O)C(C=NCCN2CCN(C(=S)Nc3cccc(Cl)c3)CC2)=C(O)C1,0.22016346417367458,0.30308293737471104,0.5168373182415962,0.6035705447196961,0.7493610799312591,0.7932645082473755
CN(C)c1ccc(C2C3C(=O)NC(=O)C3ON2c2ccc(Cl)cc2)cc1,0.2286486673168838,0.3179359416477382,0.4652127899229527,0.5325498886406421,0.6406905323266983,0.6952308773994446
Cl.N=c1n(Cc2ccccc2Cl)c2ccccc2n1CC(O)c1ccco1,0.7312223732471466,0.8438833057880402,0.9279202580451965,0.9442068815231324,0.9451220989227295,0.9468045830726624
CCOc1ccccc1NC(=O)C1CCCN(c2c(CC)c(C)nc3ncnn23)C1,0.2786980077624321,0.3760553389787674,0.6803982019424438,0.835965347290039,0.8717491626739502,0.9080915927886963
O=C(NCCN1C(=O)S/C(=C\c2cccnc2)C1=O)c1cc(S(=O)(=O)N2CCOCC2)ccc1F,0.0006938241102034226,0.0006143644430267158,0.0008586300180468242,0.0010511230873817112,0.0023750358232064173,0.003919863191549666
Cc1ncc2c(c1OC(=O)c1ccc([N+](=O)[O-])cc1)COC(C)(C)OC2,0.011724926112219692,0.01364822212490253,0.013837459543719888,0.02405925465282053,0.05460819005966187,0.07238826258108019
Cc1nc2c3ccccc3nc(NNC(=O)CCC(=O)N3CCN(c4ccc(F)cc4)CC3)n2n1,0.06494007650762797,0.09825171157717705,0.45268224328756335,0.6726102530956268,0.7577059626579284,0.8282156705856323
COc1ccc(CCNC/C=C/c2ccccc2)cc1.Cl,0.9962410807609559,0.9993164300918579,0.9999060988426208,0.9999796628952027,0.9999805212020874,0.999975323677063
CCCC[N+]12CCC(CC1)C(=C(c1ccccc1)c1ccccc1)C2.[Br-],0.9896000504493714,0.9967284440994263,0.9989998579025269,0.9995291113853455,0.9997486710548401,0.9996898174285889
CCN(CC(=O)Nc1cc(Cl)ccc1C)C(=O)CCc1nc2ccccc2c(=O)[nH]1,0.01750935586169362,0.018212596140801906,0.03344729570671916,0.05263752434402704,0.07370324470102788,0.11906064003705978
N#Cc1cccc(S(=O)(=O)Nc2c(NC3CCCCC3)c3ccccc3oc2=O)c1,0.24190530329942703,0.3470127686858177,0.5463945865631104,0.6042838931083679,0.7441157221794128,0.7724266171455383
Fc1cccc(CSc2ccc3nnc(-c4ccccn4)n3n2)c1,0.08558793729171157,0.15114206932485102,0.3353181049227715,0.5693280756473541,0.6003993630409241,0.6482863664627075
CCC1(C)Cc2c(sc3nnn(CC(=O)Nc4ccccc4C)c(=O)c23)CO1,0.007705905975308269,0.008566140197217464,0.017016404296737165,0.02910906112520024,0.05457230359315872,0.08492064960300923
CCCN(CCC)CC(O)COc1ccc([N+](=O)[O-])cc1,0.9745523691177368,0.9932733535766601,0.9972625255584717,0.9976972579956055,0.9986764550209045,0.9983303546905518
O=[N+]([O-])c1ccc(N2CCN(Cc3ccncc3)CC2)cc1,0.9850132703781128,0.9983141541481018,0.999935793876648,0.9999843597412109,0.9999965190887451,0.9999958276748657
CC1CCCN(CCOCCOc2ccc(Br)cc2Cl)C1.O=C(O)C(=O)O,0.001341355184558779,0.0010810551802933333,0.0007864405877626268,0.0007667439761462446,0.002047019207839185,0.002679815520059492
CCCCNCC1C(Oc2ccc(Cl)cc2)C(=O)N1c1ccccc1C.Cl,0.989033305644989,0.9971596479415894,0.9995833516120911,0.9998054027557373,0.9998743534088135,0.9998867273330688
CCCCCCCCCCOC(=O)Cn1c(COc2ccc(OC)cc2)[n+](C)c2ccccc21.[Cl-],0.9935416579246521,0.9984496593475342,0.9995601773262024,0.9997945904731751,0.9998245120048523,0.9998146891593933
O=C(Cn1ncc2c3ccccc3n(Cc3ccccc3)c2c1=O)NCCN1CCOCC1,0.32362009286880494,0.43926345109939574,0.7600914359092712,0.8446271419525146,0.9297077298164368,0.945918607711792
Cc1cccc(-c2sc(Nc3ccccc3)n[n+]2-c2ccccc2)c1.[Cl-],0.21790936216711998,0.31579588949680326,0.6086019515991211,0.7952747464179992,0.801356065273285,0.8064768970012665
O=C1CC(c2ccco2)CC(O)=C1C=NCCN1CCN(C(=S)Nc2ccccc2)CC1,0.09110305667854846,0.15972056863829492,0.32555634938180444,0.40678832344710825,0.5022213287651539,0.5185605198144912
COc1ccc(N2CCN(C(=O)C3CCN(S(=O)(=O)c4c(C)noc4/C=C/N(C)C)CC3)CC2)cc1,0.567969161272049,0.8151234030723572,0.9873103380203248,0.9963741183280945,0.9992059707641602,0.9993392586708069
O=C1CC2(CCN(C(=O)COc3ccc(Cl)cc3)CC2)Oc2ccccc21,0.8658054113388062,0.9375697374343872,0.9846974372863769,0.9890568017959595,0.9943367123603821,0.9955742239952088
O=C(CC1Sc2ccccc2NC1=O)OCc1cc(=O)oc2cc(O)ccc12,0.008091964246705174,0.01158657253254205,0.02216762714087963,0.03949167018290609,0.07178068398497998,0.10848384071141481
Cc1cccc2cc(CN(CCCN(C)C)C(=S)NCCc3ccccc3)c(=O)[nH]c12,0.48525571525096894,0.6577274203300476,0.8752330303192138,0.9276767849922181,0.9644030332565308,0.9736425399780273
O=C(O)c1ccc(N/N=C/c2ccc(OC(=O)c3ccccc3Cl)cc2)cc1,0.024537379504181445,0.05069559023249894,0.10453042355366052,0.15051516676321625,0.2044956070370972,0.20855853389948606
O=C(c1cccc(Br)c1)N1CCN(C2=NS(=O)(=O)c3ccccc32)CC1,0.5845154464244843,0.8177459239959717,0.9779000163078309,0.9875442624092102,0.9960575938224793,0.9974937677383423
CSC(=NC#N)N1CCN(c2ccc([N+](=O)[O-])cc2)CC1,0.8137952089309692,0.9357847690582275,0.9833541631698608,0.9912901997566224,0.9960271954536438,0.9963715553283692
CCC(C)NC(=O)c1ccc(CSc2nc3ccncc3n2Cc2ccc(F)cc2)cc1,0.723531973361969,0.8626861333847046,0.9726403594017029,0.9883852601051331,0.9911064505577087,0.993187403678894
O=C(CCc1nc(-c2ccccc2F)no1)NCCN1CCc2ccccc2C1,0.15837088003754615,0.2828781306743622,0.6634445130825043,0.8384084343910218,0.9125985980033875,0.9433502674102783
Cl.OCCN1CCN(c2nc(NCc3ccco3)c3ccccc3n2)CC1,0.8727307438850402,0.9686671733856201,0.9985577821731567,0.9996643900871277,0.9998708605766297,0.9998849630355835
CCc1cc2c(=O)n(Cc3ccco3)c(SCC(=O)NC3CCS(=O)(=O)C3)nc2s1,5.979285087960306e-05,3.474043642199831e-05,5.319225456332788e-05,0.00010786212151288055,0.00016821410245029255,0.0003496361867291853
CCOC(=O)C1(CCOc2ccccc2)CCN(Cc2ccc(C)o2)CC1,0.9474365234375,0.9917747259140015,0.9991342782974243,0.9997923493385314,0.999933910369873,0.9999384164810181
O=C(NCCc1nc2ccccc2[nH]1)/C(=C/c1ccco1)NC(=O)c1cccc(Br)c1,0.8602381944656372,0.9335284471511841,0.9914609670639039,0.996145486831665,0.9972129821777344,0.9978181958198548
COc1ccc2cc(-c3[nH]ncc3CNCCn3nc(C)cc3C)ccc2c1,0.9293911337852478,0.9869399309158325,0.999073040485382,0.9998098969459533,0.9998767375946045,0.9999021053314209
O=C(CN1CCN(Cc2ccc(Cl)cc2)CC1)N/N=C/c1cccs1,0.933912205696106,0.9911250948905945,0.9998588323593139,0.9999909162521362,0.9999974489212036,0.9999978303909302
O=C(CN1CCN(Cc2ccc(Cl)cc2)CC1)N/N=C/c1ccccc1F,0.8535332798957824,0.967065405845642,0.9990910410881042,0.9999059557914733,0.9999693393707275,0.9999759435653687
CCCCN(CCCC)CCNC(=O)CN1C(=O)CSc2ccc(S(=O)(=O)N3CCCCC3)cc21,0.4275858044624329,0.5293183952569962,0.7191719532012939,0.7402828752994537,0.8727250099182129,0.8714751124382019
Cc1cc(NC(=O)C(=O)NCCN2CCN(C(=O)c3cccs3)CC2)ccc1Br,0.5429262220859528,0.7315467238426209,0.9682962536811829,0.9885274052619935,0.9963608026504517,0.9975234150886536
CCOc1cc(N2CCOCC2)c(OCC)cc1NC(=O)CN1CCN(Cc2ccc3c(c2)OCO3)CC1.Cl,0.5446283519268036,0.7974895238876343,0.9636572480201722,0.986428153514862,0.996477735042572,0.9968748331069947
N#C/C(=C\c1cn(-c2ccccc2)nc1-c1cccnc1)c1nnc2n1CCCCC2,0.6303005933761596,0.824443006515503,0.9693631052970886,0.9899243116378784,0.9924426555633545,0.9930598735809326
Cc1cc(C)nc(-n2nc(C)cc2NC(=O)CN2CCc3ccccc3C2)n1,0.11548381028696894,0.27572951894253495,0.7404002219438552,0.932031786441803,0.9706749677658081,0.983743155002594
Cc1cc(S(=O)(=O)Nc2ccc(C(=O)NCC3(N4CCCCC4)CCCCC3)cc2)ccc1F,0.5034461885690689,0.6774656713008881,0.8909844994544983,0.9354355454444885,0.9860210061073303,0.9886854290962219
COc1ccc2c(c1)CC/C(=C/c1ccncc1)C2=O,0.311979116499424,0.4816714063286781,0.7216413974761963,0.80186607837677,0.8690110564231872,0.8926489353179932
COCCOC(=O)C(C#N)c1nc2ccccc2nc1N1CCN(Cc2ccccc2)CC1,0.15020428970456123,0.27565835043787956,0.5963888347148896,0.7248396784067154,0.8581276178359986,0.8865104436874389
Brc1cccc(CNc2nc3ccccc3n2CCN2CCCCC2)c1,0.9950372695922851,0.9993218660354615,0.9999066948890686,0.9999793767929077,0.9999874114990235,0.9999842882156372
O=C(NCCc1cn2ccccc2n1)c1cc(COc2c(F)cccc2F)on1,0.02300477074459195,0.03584245853126049,0.14850086234509946,0.26863205023109915,0.32064605206251146,0.3932274580001831
COc1ccc(/C=C/CN2CCC(Oc3ccc(C(=O)N4CCCCC4)cc3)CC2)cc1,0.9131232142448426,0.9893272042274475,0.9993950366973877,0.9999027848243713,0.999969744682312,0.9999714374542237
OCCC1CN(Cc2ccc(Oc3ncccn3)cc2)CCN1CCc1ccccc1,0.06490870453417301,0.24453730881214142,0.766214656829834,0.9463394522666931,0.9864008903503418,0.9885470986366272
CCOc1ccc(C(=O)NCCCN(CC)CC)cc1,0.3461620893329382,0.4276650294661522,0.5279683779925108,0.5774914285168051,0.6458532452583313,0.6721218585968017
CCCC(=O)N1CCN(c2ccc(NC(=O)c3cc4ccccc4o3)cc2Cl)CC1,0.3821472764015198,0.5417254000902176,0.8674113988876343,0.9351605892181396,0.969193947315216,0.9783101558685303
O=C(Nc1ccc(Cl)cn1)c1cccc(S(=O)(=O)N2CCCC2)c1,0.9503299236297608,0.9891929149627685,0.9995271563529968,0.999793803691864,0.9999427318572998,0.999932873249054
CCc1ccc(N/C(=N/c2nc(C)cc(C)n2)NC(C)=O)cc1,0.3061421671882272,0.4581522524356842,0.7957777798175811,0.9606127262115478,0.9632092118263245,0.9790055751800537
O=C(NC1CC2CCCC(C1)N2Cc1ccccc1)c1ccc([N+](=O)[O-])cc1,0.9771186113357544,0.9959272742271423,0.9996856689453125,0.9998477458953857,0.9999658823013305,0.9999555230140686
CCCCn1cnc2sc3c(c2c1=N)CCCC3,0.9390595316886902,0.9852423667907715,0.9966395139694214,0.9984472513198852,0.9988306879997253,0.9989842772483826
CN1CCN(c2ccccc2NC(=O)COc2ccc(Br)cc2)CC1,0.7375411629676819,0.8329538583755494,0.9684964299201966,0.9874543070793151,0.993564510345459,0.994675874710083
CC(CCN1CCN(c2ccccc2)CC1)c1ccccc1.Cl,0.9905727624893188,0.9989845871925354,0.9999285221099854,0.9999903202056885,0.9999969720840454,0.999996566772461
CCN(CC(=O)NCc1ccc(F)cc1)C(=O)COc1ccc2ccccc2c1,0.31069073230028155,0.40511476844549177,0.6260179847478866,0.6792314648628235,0.7287651538848877,0.7795307397842407
CCn1c(=O)cc(OCC(=O)Nc2ccccc2N2CCN(C)CC2)c2ccccc21,0.12563987523317338,0.17058521695435047,0.35336454287171365,0.4499668762087822,0.6237175971269607,0.6802142441272736
COc1ccc(CN2CCN(Cc3ccc(C(F)(F)F)cc3)CC2)c(OC)c1.O=C(O)C(=O)O,0.011266632541082799,0.020854775537736715,0.1411663762293756,0.33556492351926864,0.507676156796515,0.5523367407731712
CCN(C(=O)COC(=O)c1ccccc1NC(=O)c1ccco1)C1CCS(=O)(=O)C1,4.790719431184698e-05,3.665319891297258e-05,3.48576130818401e-05,6.518736199723207e-05,0.00011217898572795093,0.00021083707761135884
CCOC(=O)C1CCN(CCC(=O)Nc2cccc(C)c2)CC1.Cl,0.9652145266532898,0.9911026358604431,0.9989521026611328,0.9995994329452514,0.9998048186302185,0.99982670545578
CN(Cc1ccccc1)C1CCN(Cc2ccccc2[N+](=O)[O-])CC1.O=C(O)C(=O)O,0.00031974161965990787,0.00035398219074522785,0.000448638096816012,0.0006646796553468448,0.00199363766002989,0.0025256074490016545
Cc1cccn2c(=O)c3cc(C(=O)NCc4ccc5c(c4)OCO5)c(=N)n(CC4CCCO4)c3nc12,0.4665912091732025,0.6637888312339782,0.8256905198097229,0.8718562483787536,0.9228119492530823,0.9381631255149842
CCOCCCN(C(=O)c1snc(C(N)=O)c1N)C(C(=O)NC1CCCC1)c1ccc(OC)cc1,0.009744405723176896,0.01516349168960005,0.03403912212233991,0.060621152212843296,0.06757197761908174,0.07657810002565384
O=C(c1cnn2c1NC(c1ccc(Br)cc1)CC2C(F)(F)F)N1CCN2CCCC2C1,0.7860471367835998,0.8943812012672424,0.9896160006523133,0.9979217529296875,0.9990654230117798,0.999402928352356
Cl.O=C(COc1ccc(Cl)cc1)N(c1ccccc1Cl)C1CN2CCC1CC2,0.9787052154541016,0.994041097164154,0.999308454990387,0.9997797846794129,0.999899709224701,0.9999181151390075
CCOC(=O)C1CCN(C(=O)C2CCN(c3nc4ccc(OC)cc4s3)CC2)CC1,0.8516048550605774,0.9499869585037232,0.9924126267433167,0.9966084837913514,0.998484444618225,0.998855197429657
N#Cc1ccc(C(=O)OCCCc2cc3ccccc3c(=O)o2)cc1,0.2971743017435074,0.45286568701267244,0.6040696978569031,0.6309305131435394,0.7331628441810608,0.759201729297638
Cc1ccc(NS(=O)(=O)c2ccc(C(=O)N3CC(C)CC(C)C3)cc2)cc1,0.1432930827140808,0.2305693656206131,0.5820084035396575,0.725086510181427,0.9054999113082886,0.9326007008552551
O=C(O)C(=O)O.OC(COCc1ccc(Cl)cc1)CN1CC=C(c2ccccc2)CC1,0.014141223816841375,0.03669661039311904,0.0832073163750465,0.09879711979592684,0.13621102572942617,0.15654350034310482
COc1ccccc1N1CCN(C(=O)COc2ccc(Cl)cc2)CC1,0.715428376197815,0.8516988277435302,0.968358290195465,0.9847729802131653,0.9901370406150818,0.9930093169212342
CCOC(=O)C1(CCc2ccccc2)CCN(Cc2csc(C(C)=O)c2)CC1,0.9065270781517029,0.9779738545417785,0.9973303318023682,0.9993395686149598,0.9997531175613403,0.9997891664505005
COc1ccc(OCC(=O)N/N=C(\C)CC(=O)Nc2cccc([N+](=O)[O-])c2)cc1,0.11803688183426857,0.24193271324038507,0.45470018982887267,0.5831801027059555,0.6592216819524765,0.6714926034212112
COc1ccc(CC2(CO)CCN(Cc3cccc(OC)c3OC)CC2)cc1,0.787563544511795,0.9507873177528381,0.9949185013771057,0.9989252090454102,0.9994859337806702,0.9995157241821289
CN(CCc1ccccc1)Cc1c[nH]c2ccccc12.O=C(O)C(=O)O,0.0012933500469898718,0.002033787987670621,0.0030033177448672175,0.004251803144472888,0.005641801685055725,0.008603620396741007
Cc1cc(C(=O)N2CCCC(N3CCN(c4ccccc4C)CC3)C2)n(C)n1,0.09499136870726943,0.1705759961158037,0.5001239903271198,0.6661647334694862,0.8436753451824188,0.88070729970932
COc1cccc(CN2CCN(C(=O)Nc3ccc([N+](=O)[O-])cc3)CC2)c1,0.874692416191101,0.9730189800262451,0.9982805967330932,0.9994913101196289,0.9998717427253723,0.9998767495155334
CCOC(=O)C1CCCN(C2CCN(Cc3nc(Cc4ccccc4)no3)CC2)C1,0.30119203180074694,0.4980189770460129,0.7834061086177826,0.8778775334358215,0.9627958536148071,0.9706599473953247
CSc1ccc(CN2CCN(C(=O)COc3cccc(C)c3)CC2)cc1,0.6578206956386566,0.8676482796669006,0.9874576330184937,0.9974493145942688,0.9991008758544921,0.9993609309196472
O=C(O)C(=O)O.O=C(c1ccccc1)c1ccc(OCCCN2CCCCC2)cc1,0.00021693352505280927,0.0001697077463518326,0.00012496671770634293,0.00012071602156424888,0.00025193254038811117,0.00034314049746058116
Cl.Fc1ccc(C(c2nnnn2Cc2cccs2)N2CCN(C3CCCC3)CC2)cc1,0.7368170082569122,0.8381410300731659,0.9380538940429688,0.9726368665695191,0.9942156910896301,0.9954086184501648
CC(C)Cn1c(N)c(C(=O)COC(=O)CCc2nc3ccccc3s2)c(=O)n(C)c1=O,0.23340149223804474,0.31056222431361674,0.3645507775247097,0.421125278621912,0.4587215088307858,0.4907689832150936
CC(COc1ccccc1)N1CCC(CO)(CCc2ccccc2)CC1,0.9377747416496277,0.9863505125045776,0.9965931653976441,0.9989739656448364,0.9994746804237366,0.9994016170501709
O=S(=O)(c1ccc2c(c1)OCCO2)N1CCC(n2cnc3cc(F)ccc32)CC1,0.23088280111551285,0.3617543697357178,0.629452645778656,0.7203249394893646,0.8901196599006653,0.9078081846237183
O=C(C1CCCCC1)N1CCN(c2ccnc3cc(Cl)ccc23)CC1,0.9152029037475586,0.9824327826499939,0.998796033859253,0.999671459197998,0.9998702526092529,0.9998961448669433
O=C(NCc1ccncc1)/C(=C\c1ccc(F)cc1)NC(=O)c1ccccc1,0.4281138055026531,0.5329067744314671,0.7817676305770874,0.831225472688675,0.8562562465667725,0.8804129660129547
COc1ccc(C(=O)C2CCCN(Cc3ccc4nonc4c3)C2)cc1OC,0.2859585240483284,0.4330569326877594,0.6990409791469574,0.8395585417747498,0.9355370163917541,0.9512172222137452
Cc1cc(NC2CCCCC2)n2c(n1)nc1ccccc12,0.35702959448099136,0.6351455330848694,0.9376724600791931,0.986761999130249,0.9924633145332337,0.9942792773246765
COc1ccccc1N1CCN(C2=Nc3cccc4cccc2c34)CC1,0.984698224067688,0.9982337713241577,0.999893593788147,0.999981141090393,0.9999891996383667,0.999987530708313
Cc1ccc(C)c(S(=O)(=O)N2CCN(CC(=O)Nc3sccc3C#N)CC2)c1,0.6155648589134216,0.8537415266036987,0.993001914024353,0.998369324207306,0.999598503112793,0.9996708750724792
Cc1ccc(C(=O)C2CCOC(C)(C)C2)cc1,0.4110877335071564,0.5591448426246644,0.8290651619434357,0.911214542388916,0.9811342835426331,0.9881853938102723
OCc1ccccc1N=c1ssnc1Cl,0.00173844280798221,0.0028927839237439914,0.00733351815288188,0.01294230920902919,0.018648666416993365,0.02564804368885234
COc1ccc(OC)c(N=c2oc3c(OC)cccc3cc2C(=O)NCc2ccco2)c1,0.04701883923262358,0.10453358963131905,0.3729948788881302,0.5687871932983398,0.6959238767623901,0.7564881324768067
Nc1ccccc1C(=O)N(Cc1ccccc1)Cc1ccccc1,0.3173849776387215,0.37370639741420747,0.5352645993232727,0.5533427417278289,0.6060076177120208,0.6222458064556122
COCCn1c(SCC(=O)Nc2cc(OC)ccc2OC)nc2c(c1=O)SC(C)C2,0.001042200239317026,0.000849444858613424,0.001775348515366204,0.003390974580543116,0.005872905475553125,0.010906319227069616
Cc1ccc(/C=N/n2c(C3CCCCC3)n[nH]c2=S)o1,0.49983725845813753,0.6796013999730348,0.8224686771631241,0.8873899877071381,0.9270497560501099,0.9504245400428772
COc1ccc(NC(=O)C2CCCN(S(=O)(=O)c3ccc(Cl)cc3)C2)cc1OC,0.8095523118972778,0.9405935883522034,0.9950172662734985,0.9977053046226502,0.9992442607879639,0.9994040846824646
COc1cccc(NC(=S)N(CCN(C)C)C(C)c2cccnc2)c1,0.26093743145465853,0.38647295236587526,0.778021776676178,0.9062435388565063,0.9532451629638672,0.9642428636550904
CCn1cc(C(=O)N2CCCCC2)c2ccccc21,0.15985985547304155,0.20735328197479247,0.46442767381668093,0.5665512174367905,0.7070854425430297,0.78114954829216
C[C@@H](CN1C(=O)C(=O)NC[C@@H]1C)NC(=O)CC12CC3CC(CC(C3)C1)C2,0.4821109248325229,0.5416998278349638,0.6937954040244222,0.7375582804903388,0.8029030412435532,0.8064425677061081
Cc1onc(-c2c(Cl)cccc2Cl)c1C(=O)OCC(=O)c1ccccc1,0.12430092133581638,0.1667479857802391,0.2852029114961624,0.32772632986307143,0.38662403225898745,0.44473232626914977
Cc1cc(/C=N/O)c(C)n1-c1ccc(Br)cc1,0.012994395289570092,0.025925612775608897,0.14373289328068495,0.3175497446209192,0.36182654621079563,0.42415403462946416
COc1ccc(C(=O)N/C(=C\c2ccc3c(c2)OCO3)C(=O)Nc2cccc(C(=O)O)c2)cc1,0.11430263128131628,0.17523565720766782,0.2141458668746054,0.22677335860207676,0.2745414815843105,0.27847608402371404
CN1CCC(=NNC(=O)c2cn(-c3ccccc3)nc2-c2ccccc2)CC1,0.17693986296653746,0.29441348314285276,0.829956567287445,0.9363821387290955,0.9715137600898742,0.9793257594108582
COc1ccc(N(CC(=O)Nc2ccc(F)c(Cl)c2)S(=O)(=O)c2c(C)noc2C)cc1,0.3933067262172699,0.5612465918064118,0.8839307188987732,0.9453547477722168,0.9739789605140686,0.9830467820167541
O=C(c1ccco1)C(O)c1ccco1,0.00041086513847403693,0.0004405433814099524,0.00025179612093779725,0.0002919706579632475,0.0005794744527520379,0.000840276090457337
COc1ccc2c(c1OC)C(=O)OC2c1c(O)nc(SC)n(-c2ccccc2)c1=O,0.055765847535803915,0.1023557445500046,0.14238616395741702,0.15654359366744758,0.1687273107469082,0.18586868345737456
O=C(CCN1C(=O)c2ccccc2C1=O)Nc1ccc(S(=O)(=O)NC2=NCCCCC2)cc1,0.00519293598990771,0.005917328299983637,0.006857935809966876,0.0072470639570383355,0.014141551032662392,0.0198411061137449
Cc1ncc(CO)c(/C=N/NC(=O)c2ccccc2Br)c1O,0.004832390508454409,0.009119485186238308,0.02954299519478809,0.05184414375689812,0.072504323310568,0.08725708710844629
CC(C)Cc1nc(Cl)c(C#N)c2c1CCC2,0.9569644451141357,0.9893954396247864,0.9977914810180664,0.9991441011428833,0.9993687152862549,0.9993363976478576
Cn1c(SCC(=O)c2ccc(F)cc2)nnc1-c1ccccn1,0.043385356292128564,0.06926399730145931,0.23341503292322158,0.4314295411109924,0.538283771276474,0.6103512823581696
COc1ccc(C(=O)NCCn2ccc3ccccc32)cc1OC,0.06864692270755768,0.09559956304728985,0.30116086453199387,0.4110159784555435,0.5638212203979492,0.6533344566822052
c1ccc(CSc2nnnn2-c2cccc3ccccc23)nc1,0.03324937038123608,0.06807668795809149,0.2157911928370595,0.3492442090064287,0.37877102233469484,0.41245423182845115
COc1ccc(/C=N\NC(=O)/C(=C\Nc2nccc(C)n2)NC(=O)c2ccccc2)cc1,0.42080421596765516,0.59574955701828,0.9105199217796326,0.9750349879264831,0.9798589468002319,0.986051869392395
O=C(/C=C/c1ccc(O)cc1)c1c(O)cc(O)cc1O,0.11641817950439873,0.25286027659458343,0.23629038060244056,0.18922761687936146,0.2333963676028361,0.1985740646123304
CSC1=NC(=O)/C(=C/c2ccc(SC)cc2)S1,0.00642052244010074,0.013503616021012022,0.06255262595152544,0.1564323756735803,0.23975420279002718,0.30807370344955415
Cc1cc(NC(=O)CCN2C(=O)C3C4C=CC(C4)C3C2=O)ccc1Br,0.21732026450772537,0.23458152675520977,0.2675836741086641,0.29996056923318976,0.33253562337540643,0.3532516961239708
Cc1csc(NC(=O)c2sccc2C)n1,0.0027354041641956426,0.004493093179917196,0.04929547027568333,0.1437193075660616,0.17800589413382112,0.2289568169042468
CCOC(=O)c1cc(-c2csc(COc3ccccc3Cl)n2)on1,0.3805695116519928,0.5973629385232926,0.8181831121444703,0.906165874004364,0.9153784155845642,0.9225864171981811
CCc1cc(=O)oc2c(CNC(Cc3ccccc3)C(=O)O)c(O)ccc12,0.00574079139623791,0.009609746257774531,0.013471274205949157,0.019225351710338144,0.022766312339808793,0.03153574781026691
CCCCNC(=O)N(O)C1N(CCCC)C(=O)N(CC(=O)OC)C1(C)C,0.023995710023018545,0.02022135147528843,0.018784921421712397,0.014436728377231135,0.017851891780586014,0.017452573403198814
OCCn1nc2c3ccccc3nc-2n(-c2ccccc2)c1=S,0.007269466330762952,0.009906359645538033,0.04094821587204933,0.06827009655535221,0.09506144225597382,0.12264414913952351
C/C(=N/O)c1ccccn1,0.023587395370122978,0.08992540896288119,0.2728797635063529,0.38240570900961757,0.3889969089999795,0.4059186611324549
COc1ccccc1NC(=O)Cc1nnc(SCC(=O)c2ccccc2)n1C,0.0005560520236031153,0.00041950221930164844,0.0005490868046763353,0.0008636523882159964,0.0015802148962393403,0.002526502404361963
CSc1ccc(C(=O)C2CCCN(Cc3ccn[nH]3)C2)cc1,0.06930082738399505,0.15692814737558364,0.4973213732242584,0.7148850321769714,0.907104778289795,0.9326537132263184
COc1ccc(S(=O)(=O)n2cccc2)cc1,0.7416330575942993,0.9024436712265015,0.9824689149856567,0.9823264837265014,0.9960632205009461,0.9952392101287841
Nc1ccc(C(=O)OCC(=O)NC2CCCc3ccccc32)cc1[N+](=O)[O-],0.004778885561972856,0.0052791861817240715,0.008023728500120342,0.011958166747353971,0.01450422084890306,0.018837646301835775
O=C(Cc1c(Cl)cccc1Cl)OCC(=O)N1CCc2ccccc2C1,0.3700126215815544,0.44408061653375625,0.6252198815345764,0.6545987606048584,0.7312380313873291,0.789924168586731
COc1cccc(CNc2ncn[nH]2)c1OCc1ccccc1F,0.19975997060537337,0.36024823486804963,0.6215006202459336,0.7442157328128814,0.7560848951339721,0.7860650658607483
CCNC(=S)N(Cc1cc2cc(C)c(C)cc2[nH]c1=O)C1CCCC1,0.08500107186846435,0.13762969225645066,0.27553678611293436,0.37484215181320907,0.4822083868086338,0.5689944788813591
CCOc1ccccc1-c1cc(C(=O)Nc2ccc(C(=O)O)cc2)c2ccccc2n1,0.013307637255638837,0.01645105043426156,0.037666588090360165,0.045059782732278106,0.0712905466556549,0.08092043958604336
CS(=O)(=O)Nc1ccccc1Oc1ccccc1,0.6618369400501252,0.8082196116447449,0.9534392118453979,0.968306052684784,0.9815052390098572,0.9831544041633606
CC(=O)Nc1ccc(OCC(O)Cn2c3ccccc3c3ccccc32)cc1,0.734664237499237,0.8749768972396851,0.946896243095398,0.9657801151275635,0.9756949067115783,0.9769500255584717
O=C(Cc1ccc(-n2c(=O)c3ccccc3n(CC(=O)Nc3ccc(F)cc3F)c2=O)cc1)NCc1ccco1,0.29265111684799194,0.43098559975624084,0.6255208015441894,0.670280733704567,0.737498426437378,0.7861116170883179
COc1cccc(C(=O)Nc2cccc(OC(C)=O)c2)c1,0.018904831912368535,0.030513697396963836,0.06784040927886963,0.10618161298334598,0.17360614910721778,0.20231983661651612
COC(=O)CN1C(=O)Nc2ccc(Cl)cc2C1c1ccccc1,0.8937552571296692,0.9622725725173951,0.9908861637115478,0.9923018336296081,0.9946861028671264,0.9955342531204223
CN(CCNC(=O)c1ccc(/C=N/O)nc1)Cc1ccccc1,0.09638111889362336,0.18822284191846847,0.6827960729598999,0.8756976842880249,0.9450398445129394,0.9593360781669616
COc1cc(CN2CCN(CC3CC3)CC2CCO)cc(OC)c1,0.562181043624878,0.8965796947479248,0.9898350238800049,0.9970843672752381,0.999525499343872,0.9995232582092285
N/C(COc1ccc(C(=O)O)cc1)=N\O,0.0001465477097361445,0.0012204417577967668,0.0017962593904801102,0.002413590766809388,0.003200239607285816,0.0023182133976501775
COc1ccc(NS(=O)(=O)c2c(C)cc(C)cc2C)cn1,0.28356198519468306,0.4177581712603569,0.8172154009342194,0.9280726432800293,0.9697272896766662,0.97641042470932
Cn1c(N)c(C(=O)CSc2nnc(C3CC3)n2Cc2ccccc2)c(=O)[nH]c1=O,0.15386683502583764,0.25419904691079864,0.36689019503901366,0.4117434221028816,0.4066646170598688,0.4347182873345446
COc1cc(OC)c(NC2=CC(=O)C(=O)c3ccccc32)cc1Cl,0.5049446187913418,0.6009882807731628,0.706723690032959,0.7269149482250213,0.8274910569190979,0.8660317897796631
Cc1ccc2oc(-c3ccco3)nc2c1,0.10567002668976784,0.21158950142562388,0.44820675551891326,0.687980592250824,0.7435427904129028,0.7776713728904724
Cc1ccc(C(=O)Nc2c(C)cc(C)c3cccnc23)cc1,0.03880727784708142,0.06148141920566559,0.23418145552277564,0.36348184049129484,0.48372826874256136,0.5664150059223175
O=C(Nc1ccc(Br)cc1Cl)c1cnccn1,0.07252545738592744,0.11752702286466957,0.43090759217739105,0.6128912955522537,0.6475754499435424,0.6905789658427238
CCCS(=O)(=O)N1CCCC(C(=O)NCCN(CC)CC)C1,0.003107404412003234,0.002413557124964427,0.004649615856760647,0.004494206717936322,0.009409110600245185,0.010755426000105216
Cc1ccc(CSc2nnc3nc(C)cc(C)n23)cc1,0.05799815766513348,0.10912827402353287,0.2747968427836895,0.4813482969999313,0.5202632486820221,0.6350989282131195
CC(=O)Nc1cccc(/C(C)=N/NC(=O)c2ccc(Cl)cc2Cl)c1,0.05810673702508211,0.07630305085331202,0.228468419611454,0.37887564599514006,0.45482238829135896,0.5365715801715851
Cc1nc2ccccc2n1CC(=O)OCC(=O)NCc1ccccc1,0.10345653425902128,0.17416124534793198,0.31228309590369463,0.3813709929585457,0.4349757082760334,0.4869009107351303
CSc1cccc(NC(=O)C(=O)NCc2ccccc2)c1,0.5786729574203491,0.709708571434021,0.8684217691421509,0.8900370836257935,0.927703070640564,0.94006826877594
COC(=O)C1=C(C)N(Cc2ccccc2)C(=O)N[C@H]1c1ccc(Br)cc1,0.897214674949646,0.9568450093269348,0.9938769817352295,0.9955273032188415,0.9965609431266784,0.9971896052360535
Clc1ccc(-c2csc(N3CCN(c4ccccc4)CC3)n2)cc1,0.9918874979019165,0.9988244891166687,0.9999080777168274,0.999984860420227,0.9999882698059082,0.9999874114990235
CCC/C=C(\CCC)C(NC(=O)Cc1ccccc1)c1ccc(C(=O)OC)cc1,0.8717181086540222,0.9482323527336121,0.9840175986289978,0.990576159954071,0.9941466808319092,0.9947454929351807
CC(O)CSc1nc2c(c(=O)[nH]c(=O)n2C)n1CC(O)COc1ccccc1,0.005140937480609864,0.007037140690954402,0.010735098575241863,0.01754614002420567,0.022264505497878416,0.030843007820658387
CCC1(COC(=O)Nc2cccc(Cl)c2)COC1,0.387951491214335,0.502804865129292,0.6198310993611813,0.6581906378269196,0.7433396726846695,0.7779332011938095
COc1ccc(/C=C\C(=O)NCC(=O)N/N=C/c2ccc(O)cc2O)cc1,0.4099841405637562,0.5544308762764558,0.7418990322388709,0.7681213757023215,0.77429165430367,0.778386565297842
CC(NC(=O)c1ccc2c(c1)OCCO2)C(=O)O,4.455826548976915e-06,3.690578566750702e-06,7.577571525058113e-07,9.763304423926478e-07,1.3821528310392627e-06,2.226335692040449e-06
CC(C)=CCN1CCN(Cc2c(C)nn(C)c2Cl)CC1CCO,0.038676433824002744,0.08380598835647106,0.26879876255989077,0.5236532494425774,0.7583872109651566,0.7827292293310165
Cc1ccc(S(=O)(=O)N2CCOCC2)cc1C(=O)N1CCC(Cc2ccccc2)CC1,0.5129825472831726,0.7521948873996734,0.9720133543014526,0.9837966442108155,0.9980604529380799,0.9984055161476135
COc1cc(C(=O)CSc2nc3ccccc3o2)cc(OC)c1OC,0.008375694637652486,0.010273732361383736,0.022609105426818134,0.038505945913493635,0.06836791764944791,0.10058198869228363
C(=N/Nc1nc(N2CCOCC2)nc(N2CCOCC2)n1)\c1cccnc1,0.3794932432472706,0.565196281671524,0.9185312390327454,0.9831604361534119,0.9885676980018616,0.9909330129623413
COc1cccc(C(c2nnnn2Cc2ccc(F)cc2)N2CCC(C(N)=O)CC2)c1OC,0.25087519735097885,0.4052623391151428,0.7493822932243347,0.8633948683738708,0.9070991277694702,0.9345630764961242
CC1(CC(=O)N/N=C/c2ccc(-c3cccc(C(F)(F)F)c3)o2)OCCO1,0.5718832790851593,0.7410465359687806,0.9668066143989563,0.9952351212501526,0.995876693725586,0.9966730237007141
O=C(c1ccccc1)n1ccn(-c2ccccc2)c1=S,0.13317836448550224,0.20049503520131112,0.40744835138320923,0.43610904067754747,0.5537911057472229,0.5755129426717758
COc1ccc(OCc2nnc(SCC(N)=O)n2N)cc1,6.399367666745092e-05,9.689007883935119e-05,0.00016018934663861729,0.00028239801849849755,0.00036352130964587557,0.0004926844932924724
O=C1Nc2ccccc2C(=O)N2[C@H](c3ccc(F)cc3)[C@@H]3C(=O)N(Cc4ccccc4)C(=O)[C@@H]3[C@H]12,0.8598660230636597,0.9676488161087036,0.9877719163894654,0.9884675502777099,0.989226472377777,0.9905069589614868
O=C(O)CCCCCNS(=O)(=O)c1cccc2nsnc12,4.209075258643225e-06,1.843211866869865e-06,1.1415616578247523e-06,2.1399205824224055e-06,3.0851000374809702e-06,5.022816424116172e-06
COc1ccc(-c2sc3ccc(N4CCOCC4)cc3c2-c2ccc(OC)c(F)c2)cc1,0.7625672817230225,0.9448424458503724,0.9934425711631775,0.9986620903015136,0.999203622341156,0.9992780566215516
CSc1ccc(CN(C)CC(=O)Nc2ccc(NC(C)=O)cc2)cc1,0.5842375993728638,0.7409102708101273,0.9180117845535278,0.9660127639770508,0.978956115245819,0.9864132165908813
O=c1c2ccccc2nc(N2CCCC2)n1-c1ccc(Cl)cc1,0.8048161625862121,0.9123992919921875,0.9773577332496644,0.985971736907959,0.9906360745429993,0.9919548511505127
CCn1cc(C(=O)O)c(=O)c2cc(F)c(N3CCN(C(=S)Nc4ccc(OC)cc4)CC3)cc21,0.005805697641335428,0.007771266740746796,0.016177126159891485,0.029326807893812656,0.06387837296351791,0.09022717624902725
CCC(=O)Nc1ccc(NC(=O)c2c(C)nc3ccccn23)cc1,0.13838362582027913,0.21917411405593157,0.5081353679299354,0.6773835778236389,0.755706650018692,0.7925659477710724
COc1ccc(-c2c(C#Cc3ccsc3)c3cc(-c4cccc5[nH]ccc45)ccc3n2C)cc1,0.6722685754299164,0.8928923845291138,0.9821106791496277,0.9947754979133606,0.9956331133842469,0.9957682728767395
CC1(C)N=C(SCC(=O)Nc2ccc(Cl)cc2)C(c2ccccc2)=N1,0.007965054753003641,0.017890600895043463,0.1380440840497613,0.2259849952533841,0.2702413272112608,0.3141960185021162
COc1ccc2c(c1OC)C(=O)N(c1ccc(NC(C)=O)cc1)C2,0.005264570377767086,0.005861091811675578,0.010455757472664117,0.018278440041467548,0.03999475659802556,0.057161875814199445
O=C(c1ccc(CNS(=O)(=O)c2ccc(Br)cc2)cc1)N1CCCC1,0.11571414396166801,0.2020072430372238,0.5744646251201629,0.694898909330368,0.8706377506256103,0.90889972448349
O=c1cc(CSc2nc3ccccc3[nH]2)c2ccccc2[nH]1,0.072318384796381,0.1478874057531357,0.4611418128013611,0.6617261528968811,0.7293866515159607,0.7860212922096252
CCCOc1cccc(C(=O)NCCCNC(=O)c2cccnc2)c1,0.02079541455022991,0.03434844883158803,0.09793368768878281,0.14481141637079417,0.16918089985847473,0.21353190317749976
Cc1cccc(NS(=O)(=O)c2ccc3[nH]c(=O)[nH]c3c2)c1C,0.016881651990115643,0.02492094011977315,0.11122817173600197,0.19035557433962821,0.3334288388490677,0.4064655214548111
O=C(NCc1cccs1)c1nc2c(nnn2Cc2ccc(F)cc2)c(=O)[nH]1,0.040887344442307946,0.05719502028077841,0.1739723265171051,0.2626743033528328,0.31262921430170537,0.3762906759977341
COc1ccccc1/C=C/C1(C(=O)NC2CCCC2)CC(=O)N1c1ccc(C)cc1,0.4385615348815918,0.6267025947570801,0.8973546624183655,0.9480467200279236,0.9787135004997254,0.9857645511627198
Cc1ccc(/C(O)=C2\C(=O)C(=O)N(C)C2c2ccccc2[N+](=O)[O-])cc1,0.001278961167554371,0.0018815017931046896,0.0011787324954639189,0.0011112627369584515,0.0023295161372516304,0.0030954417306929827
Cc1ccc(O)c(C(=O)c2cnn(-c3ccccc3)c2)c1,0.06380142131820321,0.08808219656348229,0.14996062982827424,0.1492640856653452,0.21927214004099368,0.24775952585041522
CCC(=O)N1CCc2cc(S(=O)(=O)NCCC(=O)N3CCc4ccccc4C3)ccc21,0.002411356975790113,0.002046016043459531,0.0036987653773394415,0.003682628930255305,0.007984866376500577,0.010891748603899031
COc1ccc(C)cc1N(C(=O)CNC(=O)c1ccco1)C(C(=O)NCC1CCCO1)c1ccccc1,0.1506049394607544,0.24213907122612,0.521035784482956,0.6571903467178345,0.7733816266059875,0.8230052947998047
CC(=O)NCN1CCN(CNC(C)=O)CC1,9.575632816449796e-07,2.9206339675624803e-07,1.1091097604776223e-06,2.3789462474610446e-06,1.2002936890809224e-05,2.2878532857362188e-05
CN(C)c1ccc(-c2noc(-c3ccccc3O)n2)cc1,0.02017830649856478,0.056147461419459435,0.1606880190782249,0.21386830769479276,0.24123121351003646,0.270396040007472
COC(=O)c1cccnc1-n1c(=O)c2cccnc2n(Cc2cccc([N+](=O)[O-])c2)c1=O,0.24483706280589104,0.4128107875585556,0.5950577020645141,0.6834216594696045,0.7399783909320832,0.7697669625282287
Cc1ccc(CN2C(=O)CCC2C(=O)NCCCN2CCOCC2)cc1,0.010930141061544418,0.013138486631214618,0.034904795326292516,0.04939470142126083,0.15617771893739701,0.19685797542333602
COC(=O)c1c(NC(=O)C2(C)Cc3ccccc3C(=O)O2)sc2c1CCCC2,0.039726004283875224,0.057298013009130955,0.09549423139542342,0.11881038434803486,0.20796872414648532,0.28189586028456687
Cc1oc(-c2ccc(Cl)cc2)nc1CS(=O)CC(=O)NCCN1CCCCCC1,0.4065618745982647,0.5695028454065323,0.7866660863161087,0.8592269003391266,0.9232069611549377,0.9490681886672974
Cc1ccc(N2C(=O)SC(Cc3ccccc3)C2=O)cc1,0.8864330291748047,0.956642484664917,0.9928702354431153,0.9952052474021912,0.9974364757537841,0.9980008482933045
Cc1cccc(N=Cc2cc3c(cc2[N+](=O)[O-])OCO3)c1,0.295818592607975,0.3703060418367386,0.5159481927752495,0.5556301221251487,0.6004187166690826,0.6195247232913971
O=C(Cn1cnc2scc(-c3ccc(Cl)cc3)c2c1=O)N1CCOCC1,0.02990071093663573,0.044680218771100046,0.1144163016229868,0.1706565096974373,0.2468603454530239,0.32769850045442583
O/N=C1\CC2(Cc3nonc31)OCCO2,1.064013013518661e-06,2.1072441125369323e-07,2.8354852652512366e-07,8.379451804874094e-07,2.7475809213139967e-06,5.361083452370963e-06
CNc1ccc(/C=C(\CCC(=O)O)c2nc3ccccc3s2)cc1[N+](=O)[O-],0.0004408379885717295,0.000495393642631825,0.001444442497449927,0.002724240672250744,0.004518011250183918,0.006728692195611075
O=C(Cc1ccccc1F)Nc1nc(-c2cccs2)cs1,0.035882500512525436,0.07750128321349621,0.29567841477692125,0.45252101868391037,0.47448547184467316,0.5217290699481965
CN(CC(=O)NCc1ccco1)S(=O)(=O)c1ccc2c(c1)n(C)c(=O)c(=O)n2C,0.009889134590048343,0.009426891460316255,0.015897572769608813,0.015948540151293857,0.029721964383497834,0.03700098291155882
CCOC(=O)CC1C(=O)NCCN1C(=O)c1c(F)cccc1F,0.0007347740465775132,0.0005353847285732627,0.00036778395297005774,0.00042892365745501594,0.000524944813514594,0.0008889521413948387
Cc1ccc(NC(=S)NC(=O)c2cncc(Br)c2)cc1Cl,0.137453892827034,0.19985167533159257,0.487714209407568,0.5690119713544846,0.587632791697979,0.6303086698055267
O=C(CCc1ccccc1)NCc1ccccn1,0.01582926862174645,0.021841178380418567,0.09349147956818342,0.16309561040252446,0.22409457825124263,0.26995848715305326
COc1ccc2c(/C=N/NS(=O)(=O)c3ccc(C)cc3)c[nH]c2c1,0.03981265828479082,0.06868643303168938,0.28310739789158107,0.3705719416961074,0.46101538762450217,0.48835680857300756
CO[C@@H]1[C@@H](O)[C@@H](O)[C@H](Oc2ccc(-c3ccc(Cl)cc3)c(C(=O)NCc3ccccc3)c2)OC1(C)C,0.7853014349937439,0.9307559728622437,0.9899427056312561,0.9947432756423951,0.996547520160675,0.9971065998077393
CCN(CC)c1ncc(C)c(=O)[nH]1,0.0009178677864838392,0.0005017937689444807,0.0002822234952873259,0.00041736245002539364,0.0004180817312771978,0.0008143469058268238
S=C(Nc1ccccc1)Nc1nc2ccccc2n1CCOc1ccccc1,0.2256835013628006,0.34054894745349884,0.6551212310791016,0.7556231081485748,0.7808912217617034,0.7885518729686737
Br.Cc1csc(Nc2cccc3ccccc23)n1,0.19065245538949965,0.3145799279212952,0.638606607913971,0.8463293075561523,0.8641576528549194,0.8745074987411499
COc1ccc(S(=O)(=O)n2cnc3cc(C)c(C)cc32)cc1C,0.3443655490875244,0.5473554074764252,0.9076069831848145,0.9547424793243409,0.9848244071006775,0.9887477040290833
CSc1ccc(/C=C/C(=O)N2CCCN(C)CC2)cc1.Cl,0.9085473656654358,0.9813615918159485,0.9990051507949829,0.9998036861419678,0.9999422669410706,0.9999599933624268
Cc1cc(C)cc(N(CC(=O)N2CCc3ccccc32)S(=O)(=O)c2c(C)noc2C)c1,0.2272097088396549,0.31447507105767725,0.5488889694213868,0.6538446605205536,0.7707369327545166,0.8340412259101868
O=C1OC(Nc2ccc3c(c2)OCO3)c2ccccc21,0.6420112609863281,0.7912333726882934,0.849549400806427,0.8327384173870087,0.8702540814876556,0.8678651630878449
O=C(O)CCC(=O)NCc1ccc2[nH]c3c(c2c1)CCCC3,1.9767503999901237e-05,1.065160738562554e-05,1.4630692066930352e-05,2.091628457492334e-05,4.811642304503039e-05,9.6486238817306e-05
O=C(CN1C(=O)S/C(=C\c2ccc(Cl)cc2)C1=O)NC1C=CS(=O)(=O)C1,0.0001898942941394921,0.00011680349060370077,6.304520886990517e-05,7.503236088797216e-05,8.982353837501122e-05,0.00016086038086458033
CC(Sc1ccccc1)C(=O)Nc1ccc(N2CCOCC2)cc1,0.05313137881457806,0.10106304715154693,0.2479777923319489,0.3192564709112048,0.4632923107594252,0.5098068818449975
OCCN1CN=C(Nc2nc3ccccc3o2)NC1,0.08732876665890217,0.19714673906564711,0.5606423050165177,0.7327985167503357,0.7806038141250611,0.8158898532390595
Cc1cc(C(=O)OCC(=O)NCc2ccc(Cl)cc2Cl)c(C)o1,0.14377981293946504,0.2000060910359025,0.34841963574290274,0.4011203497648239,0.44409760385751723,0.5129051476716995
O=C(c1cc(-c2ccccc2Cl)on1)N1CCCC1,0.13218171671032905,0.19775957316160203,0.5964534938335418,0.7301325619220733,0.8196905672550201,0.8773504972457886
COc1ccc(S(=O)(=O)N2CCCCC2)cc1NC(=O)COc1ccccc1,0.09006864428520203,0.14689330533146858,0.44213693737983706,0.5835251271724701,0.8213969230651855,0.8493687152862549
CN(C)CCNC(=S)Nc1ccccc1C(C)(C)C,0.05603160187602043,0.055105280876159665,0.21930542439222336,0.38155285120010374,0.5227334856986999,0.6032533258199692
COc1ccccc1NC(=S)NC(NC(=O)C(C)C)C(Cl)(Cl)Cl,0.3526531882584095,0.43061677925288677,0.5165167361497879,0.5424502275884151,0.538210512790829,0.535151764890179
Nc1nnc(SCC(=O)Nc2cccnc2Cl)s1,2.8020441888987337e-08,1.3837205853350909e-08,1.132233891781853e-08,4.0268643947127813e-08,6.040817075447791e-08,9.189576843926517e-08
COc1ccc(-c2ccc(SCC(=O)N3CCOCC3)nn2)cc1OC,0.0005954373104032129,0.0005336374946637079,0.0019138879142701626,0.004852657811716199,0.012152617424726486,0.024140194803476334
CC(C)CC(COCc1ccc(Cl)cc1)N1CCN(C(=O)c2ccc(Cl)cc2Cl)CCC1=O,0.8967557787895203,0.9582896113395691,0.99266437292099,0.9962861776351929,0.998175036907196,0.9986992120742798
COc1cc(C(=O)Oc2ccccc2/C=N/NC(=O)c2ccc(C)cc2)cc(OC)c1OC,0.08965403868351132,0.1397159781306982,0.2857159859500825,0.3447501358576119,0.395925435051322,0.42730417996644976
COCCNC(=O)C(c1ccccc1F)N(C(=O)C(=O)NC1CCCC1)C1CCCCC1,0.08272822750732303,0.10240243701264262,0.28803262263536455,0.3641411565244198,0.4590833842754364,0.5127501010894775
CN1CCN(NC(=O)Nc2cccc(Cl)c2Cl)CC1,0.31108223292976617,0.3640939524397254,0.5776520252227784,0.6966995090246201,0.7921424746513367,0.8299131214618682
COc1ccccc1CC(=O)Nc1c[nH]c(=O)[nH]c1=O,2.2021666586624634e-05,1.9030305520573165e-05,2.0784742838486635e-05,4.0418475964543174e-05,5.924606812186539e-05,0.00011840040667721041
COc1ccc(NC(=O)[C@@H]2CC=C[C@@H]3CCN(Cc4ccc(Cl)c(Cl)c4)C(=O)[C@@H]32)cc1,0.9405972957611084,0.9863867163658142,0.9972996473312378,0.9982288479804993,0.9985720157623291,0.9987112402915954
O=C(Nc1nnc(-c2ccccc2)o1)c1cc(Cl)sc1Cl,0.017017403407953678,0.031067136931233107,0.10208348259329796,0.16426886431872845,0.19134644530713557,0.22967525906860828
COc1ccc(S(=O)(=O)N2CCCCC2)cc1NC(=O)C1CSC2(C)CCC(=O)N12,0.00016038426449540565,7.759494849892689e-05,0.00010037214718749965,0.00010890485185655052,0.00040929758732772826,0.0005577431504661945
CC1=Nc2cccc3cccc(c23)N1,0.1857986830174923,0.42780904173851014,0.873043167591095,0.9645068287849426,0.9774565935134888,0.9815442681312561
COc1ccccc1NC(=O)c1ccc2[nH]c(C)c(C)c2c1,0.09304825812578202,0.15754191428422928,0.5465864956378936,0.7302716970443726,0.8397618889808655,0.8721072554588318
CC1COc2ccccc2N1C(=O)c1ccc(Cl)nc1,0.14683753550052642,0.26561311483383176,0.5714154958724975,0.6830795705318451,0.8179579019546509,0.858095669746399
COC(=O)c1ccc(OS(=O)(=O)N(C)C)cc1,0.06367225363501347,0.10969880749471486,0.13754087272100152,0.14442114888915966,0.17766019770861022,0.18677510476773024
O=C(O)c1ccc(NC(=S)NCc2ccccc2)cc1,0.0006472323640991818,0.0011352670207998017,0.002414883386472866,0.0026564123581920285,0.004419658720780717,0.004958312450798985
O=C(COc1coc(CN2CCc3ccccc3C2)cc1=O)Nc1cccc([N+](=O)[O-])c1,0.3279689818620682,0.5047159761190414,0.7686285257339478,0.866278100013733,0.9332351446151733,0.9399213314056396
O=C(NNC1CC(=O)N(c2ccc(Cl)cc2)C1=O)c1ccccn1,0.3230884619057178,0.37964406460523603,0.40130291506648064,0.40869963858276603,0.4222475651651621,0.4360923521220684
CCCCOc1ccc(Cc2c(COCC)[nH]c(=S)[nH]c2=O)cc1,0.32864116281270983,0.4394860252737999,0.5441248252987861,0.573578280210495,0.634735694527626,0.6863388121128082
C=CCC(O)c1c(-c2ccccc2)nn(C)c1Cl,0.30068614445626735,0.37692690305411813,0.49426598884165285,0.54976941421628,0.576122309267521,0.6010744981467724
Cc1cc(NC(=O)CCC(=O)N(CC(=O)NCC2CCCO2)c2ccc(F)c(Cl)c2)no1,0.09339300552383065,0.1201726577244699,0.18191292844712734,0.22035378385335208,0.2416660651564598,0.2783766370266676
O=c1oc(-c2ccco2)nc2ccccc12,0.011604970018379391,0.021737652691081168,0.08255362040363252,0.15535477621015162,0.22709110714495181,0.2782788393087685
COc1cc(C(=O)Nc2ccccc2N2CCOCC2)ccc1OCc1c(C)noc1C,0.015434716362506151,0.020677705015987157,0.06840773448348045,0.12887367531657218,0.25591932237148285,0.3382179021835327
Cc1ccc(S(=O)(=O)C2(C(=O)NCc3ccc4c(c3)OCO4)CC2)cc1,0.6693370938301086,0.7960569441318512,0.8698868989944458,0.881006509065628,0.9360009551048278,0.9448904275894165
COc1ccc(OC)c(-c2cc(C(=O)Nc3c(C)nn(Cc4ccccc4C)c3C)no2)c1,0.16506985183805228,0.3042033459991217,0.6885434657335281,0.8226021945476532,0.8705551028251648,0.8843594908714294
COCCNCC(=O)C12CC3CC(CC(C3)C1)C2.Cl,0.5461281940340996,0.6406983971595764,0.8280298471450805,0.8717225790023804,0.9743218779563904,0.9749306082725525
O=C(Cn1cnc2ccccc21)N/N=C/c1ccccn1,0.3010767214000225,0.4846334636211395,0.8437575817108154,0.9376620173454284,0.9497553944587708,0.9592132925987243
O=C(Oc1cncc(Cl)c1)c1sccc1Cl,0.101572007057257,0.14379533897154034,0.19432899188250302,0.20542241130024194,0.23377098105847835,0.2425952224060893
Oc1ccc(Br)cc1-c1cc(-c2ccccc2)n[nH]1,0.457897324860096,0.6124766886234283,0.8150941789150238,0.8919611096382141,0.8997100234031677,0.9008994102478027
O=C(NN1C(=O)c2ccccc2NC1c1cccnc1)c1ccc([N+](=O)[O-])cc1,0.09157080184668302,0.13598813135176896,0.29193147383630275,0.40614909008145333,0.5099792361259461,0.537601438164711
Cc1cccc(N2C(=O)Cc3ccccc3C2=O)c1,0.47684731185436247,0.5665321961045265,0.6585401117801666,0.6519176751375199,0.748223090171814,0.7859964668750763
CC1CCN(C(=O)N[C@@H](Cc2ccccc2)C(=O)O)CC1,0.0002844278468273842,0.00024176242213798106,0.00044010987557498995,0.000567679194602988,0.0009488205684647256,0.0014859119437687696
CCNC(=S)NNC(=O)c1ccccc1OC(F)F,0.443857154995203,0.5107374474406242,0.7784042835235596,0.905138123035431,0.9053873300552369,0.9378582835197449
COc1ccc(CN2CCNC(=O)C2CC(=O)N(C)Cc2ccncn2)c(OC)c1,0.0015467312361579389,0.0016071593621745706,0.0062559367390349506,0.017843838687986134,0.04603805989027023,0.07710256837308407
CCc1ccccc1NC(=O)C1CCN(C(=O)c2cccs2)CC1,0.0042582126217894254,0.003995968250092119,0.015897439885884525,0.032445594854652884,0.07413640581071376,0.12835081815719604
CNC(=O)CSc1nc2cc(S(=O)(=O)Nc3ccc(OC)cc3)ccc2o1,0.0019678201191709378,0.002448658015782712,0.008067076414590701,0.017116350546712056,0.03091373107745312,0.04734771742951125
Cc1csc(NC(=O)CCS(=O)(=O)c2ccc(Br)cc2)n1,0.057373041950631885,0.10136671443469822,0.21568844283465297,0.22993243159726262,0.27152807330712675,0.305125343054533
O=C(NC1CCCC1)C(c1cccs1)N(C(=O)c1ccno1)c1ccccc1,0.13199363052845,0.21952462792396546,0.5875299662351608,0.7423042535781861,0.828257578611374,0.8701291084289551
CC1=NNC(=O)C1C(c1ccccc1)C(C#N)C#N,3.0064631529569398e-05,1.1763834370626114e-05,6.1761073697153e-06,9.346266197640674e-06,1.2409365981169706e-05,1.8544668834996614e-05
CCOc1ccc(NC(=O)CC2C(=O)N(c3cccc(OC)c3)C(=O)N2CCOC)cc1,0.635146014392376,0.7743002742528915,0.8335253477096558,0.856721180677414,0.8990008950233459,0.9195778250694275
CC(=O)c1c(C)[nH]c(C(=O)Nc2nccs2)c1C,0.052462005743291226,0.11418441122223158,0.2546732631046325,0.3533583704615012,0.37450881469994785,0.42527407985180615
CCOC(=O)Nc1ccc(NCc2ccc(F)cc2)nc1N.O=C([O-])/C=C\C(=O)[O-],0.006504105494751933,0.00859579963492454,0.01929484818745686,0.03801359015269958,0.04085160305166191,0.042182384662256746
O=C(CN1C(=O)NC2(CCCCCC2)C1=O)Nc1ccc(S(=O)(=O)N2CCOCC2)cc1,0.03602465782314539,0.04579336643218994,0.0702004674822092,0.0662890168838203,0.1351428136229515,0.1567838743329048
COC(=O)Cc1c(C)[nH]n(-c2cc(Cl)cc(Cl)c2)c1=O,0.6994364261627197,0.8095402717590332,0.8776303291320801,0.866690707206726,0.8773059844970703,0.9035982489585876
CCN1CCN(C(=S)c2ccc(O)cc2)CC1,0.029187024943530558,0.04884409885853529,0.1588522657752037,0.24252659380435942,0.5091172337532044,0.5399425655603409
Cc1cc(=O)oc2cc(NC(=S)NCc3ccccn3)ccc12,0.008301995042711497,0.015818203100934625,0.07481288788840175,0.12664033472537994,0.16522038392722607,0.19477319866418838
Cc1cccc(-c2nc(CSc3nc4c(c(=O)[nH]3)CCC4)c(C)o2)c1,0.12109036669135094,0.27143926471471785,0.7177606880664825,0.888235867023468,0.9238402724266053,0.9477803587913514
Cc1ccc(S(=O)(=O)CCC(=O)OCC(=O)c2c(N)n(CC(C)C)c(=O)n(C)c2=O)cc1,0.11369145784992725,0.16819222171325238,0.15940124636981637,0.15330964023014532,0.17075480852508917,0.17692813600879162
O=C(COC(=O)Cc1cn2ccsc2n1)Nc1nc2ccccc2s1,0.0059874039026908575,0.010897031018976122,0.06532277683727443,0.14477131329476833,0.16946425661444664,0.20154210589826108
Cc1ccc(C(=O)Nc2nc3ccc(S(C)(=O)=O)cc3s2)s1,0.0004851702724408824,0.00044908801373821916,0.0016799812063254648,0.003922134345339145,0.010589738114504144,0.0192738241457846
O=C(Nc1ccc(N2CCOCC2)cc1)c1ccc([N+](=O)[O-])o1,0.0017345288149954285,0.0021827410539117407,0.002833880256366683,0.004885814726003445,0.011400577126187273,0.014296579424990342
COc1ccc(S(=O)(=O)NCc2cccnc2)cc1Br,0.0077567082771565765,0.00988749170792289,0.04849016411462799,0.09180222926661372,0.17725482443347573,0.2364250347018242
CCCC(=O)NC(=S)Nc1ccccc1F,0.0011327076714223948,0.0011974030867349938,0.002599790269960067,0.004869230056647212,0.0061211392145196445,0.008810286919469945
CC(=O)c1ccc(Nc2ccc([N+](=O)[O-])c3nonc23)cc1,0.17571496162563563,0.2653197143226862,0.5254974585026503,0.6349262617528438,0.6835062645375729,0.6992560043931008
C=CCc1cc(Cl)ccc1OCCNCCOC.O=C(O)C(=O)O,0.0004285515579411481,0.00039988502181671494,0.00017923858010151505,0.00022237785880561134,0.00022078493258983478,0.00028135826812905054
Cc1cc(C)n(CCNC(=O)C2CCC(=O)N(CC3CCCCC3)C2)n1,0.07097543049603701,0.09725810438394547,0.18863257803022862,0.23921960815787316,0.3538946554064751,0.3919418752193451
CCCN1CC23C=CC(O2)C(C(=O)O)C3C1=O,3.626810165985142e-11,1.8597466807307272e-12,9.65980787928965e-14,1.4814634940775614e-13,2.300160763765443e-13,5.203660739411577e-13
CCn1ncc(C(=O)Nc2ccc([N+](=O)[O-])cc2OC)c1C,0.02046142630279064,0.028228839114308357,0.06982727441936731,0.14225698821246624,0.17424159534275532,0.18951928447932004
NC(=O)CCN1CCC(c2nc3ccccc3s2)CC1,0.6575766801834106,0.8320024490356446,0.9769620537757874,0.9933475494384766,0.9979374408721924,0.9985284209251404
CC(C)CN(C1CCS(=O)(=O)C1)S(=O)(=O)c1ccc2ccccc2c1,0.005123956392344553,0.005989240441704169,0.01944947097435943,0.024507817915582562,0.12209110361291095,0.1584424677537754
O=C1C(c2ccccc2)C(c2ccccc2)NC(c2ccccc2)C1c1ccccc1,0.5673818945884704,0.675833112001419,0.8282598733901978,0.857221519947052,0.9208052039146424,0.9177327752113342
CCc1ccc(/C=C2/SC(N3CCOCC3)=NC2=O)cc1,0.005015903885941952,0.0069128388713579625,0.07181344663258642,0.1376344208838418,0.21803575032390654,0.2673702113330364
Cc1ccc(S(=O)(=O)N2CCOCC2)cc1C(=O)NC1CCCC1,0.03269757363013923,0.0569341512164101,0.22993122460320592,0.318659714050591,0.547439681738615,0.5827867552638054
CCCn1c(C(C)Nc2nc(-c3ccc(C)cc3)cs2)nc2ccccc21,0.8713333606719971,0.9656426906585693,0.9967071890830994,0.9994308829307557,0.9994524478912353,0.9995019793510437
COc1ccc(C(=O)C(C)OC(=O)CCN2C(=O)C3CC=CCC3C2=O)cc1,0.003971239436941687,0.005004969936271664,0.005822818512751837,0.006359441430140578,0.017513273028453114,0.02548829754377948
CC1=NN(c2ccccc2)C(=O)C1C(=O)c1cc([N+](=O)[O-])cc([N+](=O)[O-])c1,0.0371832758304663,0.0700434113445226,0.06515352614660515,0.06432740011659917,0.08695504378410987,0.10165505021286662
CC1CCCC(C)N1c1ccc(S(=O)(=O)N2CCOCC2)cc1Cl,0.4613220989704132,0.6715430229902267,0.8967530727386475,0.9257758259773254,0.9880661606788635,0.990735137462616
Cc1cc(C(=O)N2CCN(c3ncccc3C#N)CC2)no1,0.01825141329318285,0.021120666526257992,0.1036227934062481,0.2155109867453575,0.3280941992998123,0.41503825783729553
COC(=O)c1sccc1NC(=O)c1ccccc1,0.2391243938356638,0.32796249240636827,0.5026088625192642,0.5362413063645363,0.6348924100399017,0.6541457533836365
O=C1CN(C(=O)COC(=O)CNS(=O)(=O)c2ccccc2)c2ccccc2N1,0.0002848819160135463,0.0002113072690917761,0.00015404798486997606,0.00016863768796611113,0.0002669663495908026,0.00041687964549055325
O=C(O)CCCc1nc(-c2ccc(Cl)cc2)no1,0.0003865924589263159,0.00035673984511959135,0.0010314332583220675,0.0017470258891989943,0.0029924208283773623,0.00463048839737894
COc1ccc(C(=O)CSc2ncn[nH]2)cc1OC,0.0001001196724246256,5.500946354004554e-05,6.149171676952391e-05,0.0001271249471756164,0.00020563222497003154,0.0003690493933390826
Nc1nc(SCC(=O)Nc2cc(C(F)(F)F)ccc2N2CCOCC2)n[nH]1,3.3469517620687836e-05,1.882640324311069e-05,2.2853071777717558e-05,6.423081204047776e-05,7.949096598167671e-05,0.00012366817318252288
CNC(=O)/C(C#N)=C/c1c(N(Cc2ccccc2)Cc2ccccc2)nc2c(C)cccn2c1=O,0.15148553885519506,0.21637028679251671,0.39991151317954066,0.4778835140168667,0.5295599848031998,0.5875570595264434
COc1ccc(-c2cc(-c3ccc(OC)cc3)nc(-c3ccc4c(c3)NC(=O)CO4)c2)cc1,0.8998467206954956,0.9791829228401184,0.9986136555671692,0.9997346520423889,0.9997695565223694,0.9997697472572327
Cn1cc(CNCc2ccc(OC(F)(F)F)cc2)c(-c2ccc3c(c2)OCCO3)n1,0.815591287612915,0.9371627688407898,0.9907368540763855,0.9984820127487183,0.9987019538879395,0.9986158609390259
CC(C)C1OC2(C)OC(=N)C1(C#N)C(C#N)(C#N)C2c1ccccc1,2.5438557271139922e-05,1.688411779233314e-05,1.7475561966982197e-05,3.1943968620268604e-05,9.350571427330331e-05,0.00016075554640988953
O=C1CSC(c2ccc([N+](=O)[O-])cc2)N1c1ccccc1,0.2982924491167068,0.48234145641326903,0.7895167112350464,0.8501542210578918,0.9269669890403748,0.9342009902000428
COc1cccc(C(C#N)N2N=C(C)CC2(C)C)c1O,0.03641755553916255,0.11803482469993298,0.20950933575265368,0.2708871056507064,0.3067845260030936,0.3239695950566784
CCOC(=O)c1ccccc1NS(=O)(=O)c1ccc(C)cc1,0.6147530674934387,0.7257579863071442,0.8955487132072448,0.9069366693496704,0.9450242757797241,0.9442761301994324
COC(=O)N/N=C(/c1ccccc1)C1CCCCC1,0.7379315882921219,0.8228542923927307,0.9701663136482239,0.9887933015823365,0.9919148921966553,0.9935330152511597
Cc1nn(-c2ccccc2)nc1C(=O)NN,0.011869561934145168,0.021738065866520627,0.16907036911579781,0.2592968018376268,0.2567268016980961,0.2911399464821443
CCOC(=O)Cc1cc(=O)n2[nH]c(C(C)(C)C)cc2n1,0.23364871926605701,0.33791333958506586,0.5616004660725593,0.6948932409286499,0.7696594297885895,0.8349611461162567
COc1ccccc1C(=O)Nc1nc(-c2ccc(S(=O)(=O)N3CCOCC3)cc2)cs1,0.48300816118717194,0.7433707118034363,0.9691858053207397,0.992278254032135,0.9980563879013061,0.9986854553222656
S=C(/N=c1/sccn1Cc1ccccc1)NC1CC1,0.5037811040878296,0.7176737844944,0.9675278544425965,0.9912874579429627,0.9927430152893066,0.9948419809341431
Cc1ccc(NC(=O)c2c(C)nc(Nc3nc4ccccc4o3)nc2C)cc1,0.18671710193157195,0.4513214498758316,0.9028696537017822,0.9839105248451233,0.9882766008377075,0.9919616222381592
CCSc1nnc(NC(=O)CCN2C(=O)C3CCCCC3C2=O)s1,1.0675253815861651e-05,3.168694335897726e-06,1.6417667787038682e-06,2.776794696046636e-06,2.3089477181770237e-06,4.6223781993148805e-06
CC(C)CNC(=O)c1cccc(NC(=O)Cc2ccc(Br)cc2)c1,0.21053675562143326,0.2637710191309452,0.468882791697979,0.550427520275116,0.6444405853748322,0.7218421161174774
CS(=O)(=O)N1CCN(C(=O)c2ccc(F)cc2)CC1,0.0011853656760649756,0.0012385128138703294,0.003956626832950861,0.006054334854707122,0.027584635466337205,0.05486330129206181
Cc1ccc(OC(=O)CCNC(=O)c2ccccc2Cl)c(Br)c1,0.13554582595825196,0.18243922293186188,0.40641397833824155,0.4834230184555054,0.5768829464912415,0.6652308404445648
CC(C)c1ccccc1NC(=S)NC1CCN(Cc2ccccc2)CC1,0.49736776351928713,0.7128445386886597,0.9733455896377563,0.9935263395309448,0.9974156618118286,0.9980035066604614
CNc1ccccc1C(C)(C)c1cn(-c2ccc([N+](=O)[O-])cc2)nn1,0.45276746302843096,0.5605731934309006,0.7951838791370391,0.8938105821609497,0.9388668537139893,0.9458783626556396
O=C(CSc1nc2ccccc2o1)NCc1n[nH]c(=O)c2ccccc12,0.000629067377303727,0.0005457106868561823,0.0013651718851178884,0.00279905095230788,0.004132410371676087,0.007825176266487687
C=CCC(CC(O)COCCC)C(=O)NNC(=S)Nc1ccccc1,0.10711755049414932,0.16495781789999456,0.23231907244771718,0.2802344044670463,0.3008744719438255,0.29843047875911
CCn1c(O)c(/C=N/NC(=O)c2ccccc2)c(=O)n(CC)c1=S,0.046738959895446894,0.07403916493058205,0.10366150303743779,0.13812055736780166,0.15726959956809877,0.17520765624940396
CC(C(=O)O)c1ccc(C(=O)c2ccccc2)s1,3.233287129660312e-05,5.305054091877537e-05,8.691366670632306e-05,0.00010790815616701366,0.000289329616134637,0.0004175304940872593
CCn1cc(C(=O)NC(=S)Nc2cccc(O)c2)cn1,0.0007231920119011193,0.0007518777537370624,0.0012636547446163604,0.0024244969964456685,0.002920861658822105,0.004520196284647682
Cc1ccccc1C1CC(c2ccccc2)Nc2ncnn21,0.47563575506210326,0.6840558707714081,0.8912847518920899,0.9363067746162415,0.9482776284217834,0.9566011190414428
CCOc1cc(C(=O)NC(=S)Nn2cnnc2)cc(OCC)c1OCC,0.013759674877292127,0.015119137752662937,0.018298277275607688,0.02799326633248711,0.02661346677268739,0.02970295682462165
COc1ccnc(CSC(N)=Nc2cccc(C(F)(F)F)c2)c1,0.5066296517848968,0.6865518927574158,0.8334774971008301,0.9561439037322998,0.9504435896873474,0.9538225173950196
CN(C)Cc1c[nH]c2ccccc12,0.16419415548443794,0.29147532433271406,0.7979787349700928,0.9512041211128235,0.9828847646713257,0.9885101556777954
FC(F)(F)c1cccc(N2CCN(C3CC4CCC3C4)CC2)c1,0.9991200566291809,0.9999423742294311,0.9999967098236084,0.9999998092651368,0.9999999046325684,0.9999998807907104
Cc1ccc(NC2=NCCC2)cc1Cl,0.4298548072576523,0.5957000017166137,0.874661135673523,0.9561412572860718,0.963263750076294,0.9688061356544495
O=C(O)c1cccc(NS(=O)(=O)c2ccc(Cl)c(C(=O)O)c2)c1,4.2306815168480226e-06,5.824511595120541e-06,2.69681864177862e-06,3.4480600101471915e-06,6.041447969673541e-06,7.900580465802776e-06
CCCc1cc(=O)[nH]c2nnc(SCC(=O)N3CC(C)OC(C)C3)n12,2.2324811402540946e-05,5.143211151903415e-06,3.6863294127442715e-06,6.394322156211274e-06,9.650450770948282e-06,1.7249679879682843e-05
Cc1ccc2nc(/C(C#N)=C/c3ccc(-c4ccccc4C(=O)O)o3)[nH]c2c1,0.06363882031291723,0.12534781135618686,0.2750140205025673,0.4097454272210598,0.45398968905210496,0.48994612842798235
Cc1c(F)cccc1NS(=O)(=O)c1ccccc1C#N,0.2161200936883688,0.3156412120908499,0.6155225709080696,0.7029964357614518,0.7829039990901947,0.818632572889328
Cn1c(SCC(=O)Nc2ccccc2)nc2c([nH]c3ccccc32)c1=O,0.0018285300116986035,0.0016522834892384707,0.004686146136373281,0.009111716505140066,0.01409242209047079,0.021841210126876832
Oc1ccc2ccccc2c1C=NCc1cn2ccsc2n1,0.277312196791172,0.5170978724956512,0.8369475603103638,0.9190302491188049,0.9394689202308655,0.9497582197189331
CCO[C@H]1OC(C(=O)O)=C[C@@H](c2ccccc2)[C@@H]1CCCO,0.0010135714072248448,0.0014588123363338922,0.0015157091356641672,0.0018613848681667377,0.0018407530414492612,0.0019327817811984004
O=C(C1CC1c1ccccc1)N1CCOCC1,0.06415639445185661,0.11186712868511677,0.3686717949807644,0.46560572981834414,0.7006212115287781,0.7720575213432312
CCOC(=O)c1cc2n(c1N)-c1ccccc1C2=O,0.0740363772958517,0.10965392179787159,0.11899558417499065,0.12509472742676736,0.14094571620225907,0.17702881395816802
CCOC(=O)c1c(NC(=O)C2C3C=CC(C3)C2(C)C(=O)O)sc2c1CCCC2,8.810714496121363e-05,5.117157839720221e-05,6.188604278865029e-05,6.70474728890369e-05,0.00013451021051107402,0.00022059644109191369
CCOc1ccc(C(=O)CC(=O)C(=O)NCCc2ccc(OC)c(OC)c2)cc1,0.05564436167478561,0.08419316858053208,0.16786688417196274,0.2153976060450077,0.30533246174454687,0.3947355642914772
CN(C)S(=O)(=O)N1CCN(C(=O)c2cccs2)CC1,0.019374536629766227,0.031873854086734356,0.08645086670294404,0.0967967529897578,0.217382907634601,0.22992633315734565
Cc1ccc(C(C#N)c2ccc(C(=O)c3ccc(F)cc3)cc2)cc1,0.7506811022758484,0.8514662265777588,0.9216662883758545,0.9415065884590149,0.9587411165237427,0.9615195155143738
NC(=O)N/N=C/CCc1ccccc1,0.012508074362995104,0.02049109522922663,0.022414094634586944,0.025374189752619715,0.019316942372824997,0.022143570537446068
CC1Cc2ccccc2N1C(=O)CSc1ncc(-c2ccc(F)cc2)n1C,0.18690210878849028,0.30947989523410796,0.6559886157512664,0.8417313456535339,0.8835700154304504,0.9216984152793884
CCOC(=O)c1[nH]c(C)c(C(=O)OC(C)C(=O)Nc2ncc(Cl)cc2Cl)c1C,0.5481525987386704,0.6716735661029816,0.8513839960098266,0.9082132697105407,0.9351069092750549,0.9455360651016236
Nc1nc(NCCc2ccccc2)nc(NCc2ccccc2)c1[N+](=O)[O-],0.28305879663676026,0.41748000420629977,0.6627264663577079,0.7346472769975663,0.7386973440647125,0.7635703206062316
CS(=O)(=O)N1N=C(c2ccco2)CC1c1ccc(Br)cc1,0.3259706646203995,0.5330167353153229,0.9143290400505066,0.9579006910324097,0.9806860685348511,0.9878283262252807
CCCCC(C(=O)NC1CCCC1)N(C(=O)c1snc(C(N)=O)c1N)c1ccc(OCC)cc1,0.007573173596756533,0.010107578077440848,0.022936036540340866,0.04634068525920156,0.04665365252440097,0.05648421928926837
